failure_datetime,date,time,hour,day_of_week,location,failure_type,weather,temperature_celsius,is_peak_hour,is_weekend,repair_time_minutes,passengers_affected,trains_affected,is_rainy,month,season
2022-01-01,2022-01-01,00:00:00,0,Saturday,Angel,Interlocking,Snowy,11,0,1,85,3028,7,1,1,Winter
2022-01-02,2022-01-02,00:00:00,0,Sunday,Covent Garden,Interlocking,Clear,3,0,1,20,210,3,0,1,Winter
2022-01-03,2022-01-03,00:00:00,0,Monday,Waterloo,Track Circuit,Snowy,7,0,0,62,1772,5,1,1,Winter
2022-01-04,2022-01-04,00:00:00,0,Tuesday,Whitechapel,Other,Cloudy,3,0,0,57,2419,6,0,1,Winter
2022-01-06,2022-01-06,00:00:00,0,Thursday,Holborn,Track Circuit,Clear,4,0,0,103,1823,9,0,1,Winter
2022-01-07,2022-01-07,00:00:00,0,Friday,Waterloo,Interlocking,Stormy,4,0,0,109,2081,10,1,1,Winter
2022-01-08,2022-01-08,00:00:00,0,Saturday,Baker Street,Track Circuit,Clear,8,0,1,41,1273,5,0,1,Winter
2022-01-09,2022-01-09,00:00:00,0,Sunday,King's Cross,Track Circuit,Rainy,6,0,1,120,1068,9,1,1,Winter
2022-01-10,2022-01-10,00:00:00,0,Monday,Bank,Cable/Connector,Clear,9,0,0,20,543,4,0,1,Winter
2022-01-11,2022-01-11,00:00:00,0,Tuesday,Euston,Power Supply,Clear,9,0,0,36,420,4,0,1,Winter
2022-01-12,2022-01-12,00:00:00,0,Wednesday,Baker Street,Cable/Connector,Cloudy,-1,0,0,25,348,2,0,1,Winter
2022-01-14,2022-01-14,00:00:00,0,Friday,Holborn,Interlocking,Cloudy,6,0,0,49,810,5,0,1,Winter
2022-01-15,2022-01-15,00:00:00,0,Saturday,Euston,Track Circuit,Rainy,7,0,1,50,1662,5,1,1,Winter
2022-01-16,2022-01-16,00:00:00,0,Sunday,Liverpool Street,Track Circuit,Clear,7,0,1,87,1273,7,0,1,Winter
2022-01-17,2022-01-17,00:00:00,0,Monday,London Bridge,Track Circuit,Clear,9,0,0,20,334,3,0,1,Winter
2022-01-19,2022-01-19,00:00:00,0,Wednesday,Southwark,Track Circuit,Clear,10,0,0,84,2898,7,0,1,Winter
2022-01-20,2022-01-20,00:00:00,0,Thursday,St Pancras,Interlocking,Clear,8,0,0,69,1152,5,0,1,Winter
2022-01-21,2022-01-21,00:00:00,0,Friday,Clapham Junction,Software/Electronics,Cloudy,8,0,0,21,694,3,0,1,Winter
2022-01-22,2022-01-22,00:00:00,0,Saturday,Elephant & Castle,Track Circuit,Foggy,0,0,1,159,6420,13,0,1,Winter
2022-01-25,2022-01-25,00:00:00,0,Tuesday,Bank,Cable/Connector,Clear,2,0,0,86,2234,7,0,1,Winter
2022-01-26,2022-01-26,00:00:00,0,Wednesday,St Pancras,Cable/Connector,Cloudy,6,0,0,70,2446,6,0,1,Winter
2022-01-27,2022-01-27,00:00:00,0,Thursday,Old Street,Power Supply,Foggy,7,0,0,33,1364,5,0,1,Winter
2022-01-29,2022-01-29,00:00:00,0,Saturday,King's Cross,Interlocking,Rainy,7,0,1,48,1526,5,1,1,Winter
2022-01-30,2022-01-30,00:00:00,0,Sunday,Liverpool Street,Track Circuit,Cloudy,6,0,1,71,1430,6,0,1,Winter
2022-01-31,2022-01-31,00:00:00,0,Monday,Baker Street,Interlocking,Cloudy,3,0,0,36,709,4,0,1,Winter
2022-02-01,2022-02-01,00:00:00,0,Tuesday,Victoria,Track Circuit,Clear,0,0,0,69,1881,6,0,2,Winter
2022-02-02,2022-02-02,00:00:00,0,Wednesday,Moorgate,Track Circuit,Clear,0,0,0,84,2990,6,0,2,Winter
2022-02-04,2022-02-04,00:00:00,0,Friday,St Pancras,Track Circuit,Clear,14,0,0,61,2123,7,0,2,Winter
2022-02-05,2022-02-05,00:00:00,0,Saturday,Borough,Track Circuit,Clear,9,0,1,103,2705,8,0,2,Winter
2022-02-06,2022-02-06,00:00:00,0,Sunday,King's Cross,Interlocking,Stormy,0,0,1,96,1123,7,1,2,Winter
2022-02-08,2022-02-08,00:00:00,0,Tuesday,Moorgate,Interlocking,Clear,10,0,0,41,476,4,0,2,Winter
2022-02-09,2022-02-09,00:00:00,0,Wednesday,Covent Garden,Interlocking,Rainy,6,0,0,42,480,4,1,2,Winter
2022-02-10,2022-02-10,00:00:00,0,Thursday,Euston,Track Circuit,Clear,8,0,0,111,5457,9,0,2,Winter
2022-02-11,2022-02-11,00:00:00,0,Friday,Old Street,Software/Electronics,Rainy,3,0,0,31,510,3,1,2,Winter
2022-02-12,2022-02-12,00:00:00,0,Saturday,Stratford,Power Supply,Clear,3,0,1,24,1079,3,0,2,Winter
2022-02-13,2022-02-13,00:00:00,0,Sunday,Farringdon,Interlocking,Rainy,2,0,1,37,692,3,1,2,Winter
2022-02-14,2022-02-14,00:00:00,0,Monday,Piccadilly Circus,Power Supply,Cloudy,4,0,0,34,539,4,0,2,Winter
2022-02-15,2022-02-15,00:00:00,0,Tuesday,King's Cross St Pancras,Cable/Connector,Cloudy,0,0,0,21,964,3,0,2,Winter
2022-02-17,2022-02-17,00:00:00,0,Thursday,Victoria,Cable/Connector,Foggy,9,0,0,74,1339,5,0,2,Winter
2022-02-18,2022-02-18,00:00:00,0,Friday,Euston,Cable/Connector,Rainy,12,0,0,92,3060,9,1,2,Winter
2022-02-19,2022-02-19,00:00:00,0,Saturday,Whitechapel,Power Supply,Clear,0,0,1,43,1043,5,0,2,Winter
2022-02-20,2022-02-20,00:00:00,0,Sunday,Clapham Junction,Track Circuit,Rainy,0,0,1,48,1621,5,1,2,Winter
2022-02-21,2022-02-21,00:00:00,0,Monday,Farringdon,Power Supply,Rainy,12,0,0,72,1150,5,1,2,Winter
2022-02-22,2022-02-22,00:00:00,0,Tuesday,Farringdon,Interlocking,Cloudy,0,0,0,60,2777,6,0,2,Winter
2022-02-23,2022-02-23,00:00:00,0,Wednesday,Liverpool Street,Interlocking,Foggy,7,0,0,86,1859,6,0,2,Winter
2022-02-24,2022-02-24,00:00:00,0,Thursday,Victoria,Power Supply,Rainy,7,0,0,41,898,4,1,2,Winter
2022-02-25,2022-02-25,00:00:00,0,Friday,Victoria,Track Circuit,Clear,6,0,0,27,784,4,0,2,Winter
2022-02-26,2022-02-26,00:00:00,0,Saturday,Paddington,Interlocking,Clear,7,0,1,53,1378,5,0,2,Winter
2022-02-27,2022-02-27,00:00:00,0,Sunday,King's Cross St Pancras,Cable/Connector,Cloudy,8,0,1,39,962,4,0,2,Winter
2022-02-28,2022-02-28,00:00:00,0,Monday,Moorgate,Track Circuit,Clear,3,0,0,20,752,4,0,2,Winter
2022-03-01,2022-03-01,00:00:00,0,Tuesday,Baker Street,Software/Electronics,Snowy,17,0,0,28,305,3,1,3,Spring
2022-03-02,2022-03-02,00:00:00,0,Wednesday,Bank,Track Circuit,Clear,19,0,0,73,2682,6,0,3,Spring
2022-03-03,2022-03-03,00:00:00,0,Thursday,Whitechapel,Software/Electronics,Rainy,27,0,0,54,1065,5,1,3,Spring
2022-03-04,2022-03-04,00:00:00,0,Friday,Farringdon,Track Circuit,Clear,11,0,0,43,1724,3,0,3,Spring
2022-03-05,2022-03-05,00:00:00,0,Saturday,Vauxhall,Track Circuit,Clear,8,0,1,64,1443,5,0,3,Spring
2022-03-06,2022-03-06,00:00:00,0,Sunday,Covent Garden,Track Circuit,Clear,14,0,1,47,925,6,0,3,Spring
2022-03-07,2022-03-07,00:00:00,0,Monday,Angel,Software/Electronics,Clear,7,0,0,35,1222,3,0,3,Spring
2022-03-09,2022-03-09,00:00:00,0,Wednesday,Liverpool Street,Track Circuit,Cloudy,19,0,0,137,1753,11,0,3,Spring
2022-03-10,2022-03-10,00:00:00,0,Thursday,Old Street,Other,Rainy,10,0,0,66,2541,6,1,3,Spring
2022-03-11,2022-03-11,00:00:00,0,Friday,Southwark,Interlocking,Clear,15,0,0,57,1436,6,0,3,Spring
2022-03-12,2022-03-12,00:00:00,0,Saturday,Baker Street,Track Circuit,Foggy,10,0,1,23,629,2,0,3,Spring
2022-03-13,2022-03-13,00:00:00,0,Sunday,Piccadilly Circus,Software/Electronics,Rainy,18,0,1,52,2421,6,1,3,Spring
2022-03-14,2022-03-14,00:00:00,0,Monday,Piccadilly Circus,Track Circuit,Cloudy,10,0,0,40,1005,5,0,3,Spring
2022-03-15,2022-03-15,00:00:00,0,Tuesday,Holborn,Track Circuit,Stormy,14,0,0,120,4270,11,1,3,Spring
2022-03-16,2022-03-16,00:00:00,0,Wednesday,Bank,Track Circuit,Cloudy,6,0,0,113,5629,8,0,3,Spring
2022-03-17,2022-03-17,00:00:00,0,Thursday,Borough,Interlocking,Cloudy,18,0,0,72,1002,7,0,3,Spring
2022-03-18,2022-03-18,00:00:00,0,Friday,Bank,Power Supply,Clear,12,0,0,52,1895,5,0,3,Spring
2022-03-19,2022-03-19,00:00:00,0,Saturday,Southwark,Power Supply,Cloudy,10,0,1,46,1637,6,0,3,Spring
2022-03-20,2022-03-20,00:00:00,0,Sunday,Old Street,Power Supply,Rainy,14,0,1,26,339,4,1,3,Spring
2022-03-22,2022-03-22,00:00:00,0,Tuesday,Vauxhall,Track Circuit,Clear,12,0,0,45,956,5,0,3,Spring
2022-03-23,2022-03-23,00:00:00,0,Wednesday,Southwark,Interlocking,Rainy,8,0,0,26,574,2,1,3,Spring
2022-03-24,2022-03-24,00:00:00,0,Thursday,King's Cross St Pancras,Power Supply,Cloudy,14,0,0,49,959,4,0,3,Spring
2022-03-25,2022-03-25,00:00:00,0,Friday,Holborn,Track Circuit,Rainy,7,0,0,26,1145,3,1,3,Spring
2022-03-26,2022-03-26,00:00:00,0,Saturday,Whitechapel,Track Circuit,Snowy,16,0,1,74,2525,6,1,3,Spring
2022-03-27,2022-03-27,00:00:00,0,Sunday,King's Cross,Software/Electronics,Clear,2,0,1,44,803,4,0,3,Spring
2022-03-28,2022-03-28,00:00:00,0,Monday,Angel,Software/Electronics,Clear,15,0,0,31,462,4,0,3,Spring
2022-03-29,2022-03-29,00:00:00,0,Tuesday,King's Cross St Pancras,Other,Rainy,11,0,0,85,1912,7,1,3,Spring
2022-03-30,2022-03-30,00:00:00,0,Wednesday,Vauxhall,Interlocking,Clear,8,0,0,50,1660,6,0,3,Spring
2022-03-31,2022-03-31,00:00:00,0,Thursday,Euston,Software/Electronics,Rainy,11,0,0,31,585,3,1,3,Spring
2022-04-01,2022-04-01,00:00:00,0,Friday,Bank,Interlocking,Foggy,10,0,0,27,653,2,0,4,Spring
2022-04-03,2022-04-03,00:00:00,0,Sunday,Paddington,Power Supply,Clear,9,0,1,44,1992,5,0,4,Spring
2022-04-04,2022-04-04,00:00:00,0,Monday,Holborn,Interlocking,Foggy,7,0,0,52,1685,5,0,4,Spring
2022-04-05,2022-04-05,00:00:00,0,Tuesday,Victoria,Other,Clear,10,0,0,89,1498,7,0,4,Spring
2022-04-06,2022-04-06,00:00:00,0,Wednesday,Victoria,Cable/Connector,Cloudy,8,0,0,87,3349,8,0,4,Spring
2022-04-07,2022-04-07,00:00:00,0,Thursday,Borough,Software/Electronics,Cloudy,11,0,0,49,439,4,0,4,Spring
2022-04-08,2022-04-08,00:00:00,0,Friday,Angel,Interlocking,Clear,4,0,0,81,2947,6,0,4,Spring
2022-04-10,2022-04-10,00:00:00,0,Sunday,Elephant & Castle,Track Circuit,Clear,15,0,1,98,4076,9,0,4,Spring
2022-04-11,2022-04-11,00:00:00,0,Monday,Paddington,Track Circuit,Cloudy,11,0,0,35,833,3,0,4,Spring
2022-04-12,2022-04-12,00:00:00,0,Tuesday,Bank,Track Circuit,Snowy,12,0,0,92,2686,8,1,4,Spring
2022-04-13,2022-04-13,00:00:00,0,Wednesday,Southwark,Track Circuit,Rainy,8,0,0,49,1548,6,1,4,Spring
2022-04-15,2022-04-15,00:00:00,0,Friday,King's Cross St Pancras,Power Supply,Clear,12,0,0,47,1451,5,0,4,Spring
2022-04-16,2022-04-16,00:00:00,0,Saturday,Euston,Other,Foggy,8,0,1,138,3521,10,0,4,Spring
2022-04-17,2022-04-17,00:00:00,0,Sunday,Southwark,Track Circuit,Cloudy,9,0,1,21,363,4,0,4,Spring
2022-04-19,2022-04-19,00:00:00,0,Tuesday,Farringdon,Track Circuit,Stormy,13,0,0,30,712,4,1,4,Spring
2022-04-20,2022-04-20,00:00:00,0,Wednesday,Southwark,Track Circuit,Clear,14,0,0,56,1127,6,0,4,Spring
2022-04-21,2022-04-21,00:00:00,0,Thursday,King's Cross St Pancras,Power Supply,Cloudy,10,0,0,66,795,6,0,4,Spring
2022-04-22,2022-04-22,00:00:00,0,Friday,Farringdon,Other,Clear,17,0,0,36,712,3,0,4,Spring
2022-04-23,2022-04-23,00:00:00,0,Saturday,Covent Garden,Software/Electronics,Cloudy,9,0,1,21,355,2,0,4,Spring
2022-04-24,2022-04-24,00:00:00,0,Sunday,Whitechapel,Power Supply,Cloudy,12,0,1,48,970,6,0,4,Spring
2022-04-25,2022-04-25,00:00:00,0,Monday,St Pancras,Software/Electronics,Clear,11,0,0,20,183,3,0,4,Spring
2022-04-26,2022-04-26,00:00:00,0,Tuesday,Whitechapel,Track Circuit,Clear,13,0,0,70,3011,7,0,4,Spring
2022-04-27,2022-04-27,00:00:00,0,Wednesday,Liverpool Street,Interlocking,Clear,20,0,0,51,2265,5,0,4,Spring
2022-04-28,2022-04-28,00:00:00,0,Thursday,Victoria,Software/Electronics,Clear,22,0,0,26,759,4,0,4,Spring
2022-04-29,2022-04-29,00:00:00,0,Friday,King's Cross St Pancras,Power Supply,Rainy,10,0,0,40,842,3,1,4,Spring
2022-05-01,2022-05-01,00:00:00,0,Sunday,Borough,Other,Cloudy,20,0,1,82,4075,6,0,5,Spring
2022-05-03,2022-05-03,00:00:00,0,Tuesday,King's Cross St Pancras,Cable/Connector,Clear,12,0,0,87,2202,7,0,5,Spring
2022-05-04,2022-05-04,00:00:00,0,Wednesday,Waterloo,Track Circuit,Cloudy,14,0,0,93,987,7,0,5,Spring
2022-05-05,2022-05-05,00:00:00,0,Thursday,Southwark,Cable/Connector,Cloudy,5,0,0,44,1906,3,0,5,Spring
2022-05-06,2022-05-06,00:00:00,0,Friday,Piccadilly Circus,Track Circuit,Clear,15,0,0,20,886,3,0,5,Spring
2022-05-07,2022-05-07,00:00:00,0,Saturday,London Bridge,Track Circuit,Clear,13,0,1,26,961,3,0,5,Spring
2022-05-08,2022-05-08,00:00:00,0,Sunday,Paddington,Interlocking,Foggy,12,0,1,64,597,5,0,5,Spring
2022-05-09,2022-05-09,00:00:00,0,Monday,Moorgate,Track Circuit,Clear,8,0,0,44,1413,4,0,5,Spring
2022-05-10,2022-05-10,00:00:00,0,Tuesday,Holborn,Interlocking,Cloudy,10,0,0,67,2755,7,0,5,Spring
2022-05-11,2022-05-11,00:00:00,0,Wednesday,Clapham Junction,Interlocking,Rainy,12,0,0,35,1689,3,1,5,Spring
2022-05-12,2022-05-12,00:00:00,0,Thursday,Clapham Junction,Track Circuit,Clear,8,0,0,65,2399,5,0,5,Spring
2022-05-13,2022-05-13,00:00:00,0,Friday,Covent Garden,Track Circuit,Clear,10,0,0,131,5731,10,0,5,Spring
2022-05-14,2022-05-14,00:00:00,0,Saturday,Covent Garden,Interlocking,Rainy,13,0,1,76,3686,8,1,5,Spring
2022-05-15,2022-05-15,00:00:00,0,Sunday,Whitechapel,Interlocking,Clear,2,0,1,83,2372,7,0,5,Spring
2022-05-16,2022-05-16,00:00:00,0,Monday,Holborn,Track Circuit,Clear,7,0,0,40,690,3,0,5,Spring
2022-05-17,2022-05-17,00:00:00,0,Tuesday,Whitechapel,Cable/Connector,Cloudy,14,0,0,79,3497,7,0,5,Spring
2022-05-18,2022-05-18,00:00:00,0,Wednesday,Euston,Interlocking,Cloudy,18,0,0,57,2823,5,0,5,Spring
2022-05-19,2022-05-19,00:00:00,0,Thursday,Borough,Track Circuit,Foggy,14,0,0,23,1097,3,0,5,Spring
2022-05-20,2022-05-20,00:00:00,0,Friday,St Pancras,Other,Cloudy,11,0,0,46,1711,4,0,5,Spring
2022-05-21,2022-05-21,00:00:00,0,Saturday,Borough,Interlocking,Cloudy,12,0,1,67,2646,6,0,5,Spring
2022-05-22,2022-05-22,00:00:00,0,Sunday,St Pancras,Software/Electronics,Clear,8,0,1,42,1374,5,0,5,Spring
2022-05-23,2022-05-23,00:00:00,0,Monday,Clapham Junction,Software/Electronics,Cloudy,11,0,0,55,1987,4,0,5,Spring
2022-05-24,2022-05-24,00:00:00,0,Tuesday,Borough,Track Circuit,Clear,1,0,0,68,693,6,0,5,Spring
2022-05-25,2022-05-25,00:00:00,0,Wednesday,Holborn,Interlocking,Rainy,12,0,0,50,2014,5,1,5,Spring
2022-05-26,2022-05-26,00:00:00,0,Thursday,Euston,Track Circuit,Cloudy,12,0,0,42,832,4,0,5,Spring
2022-05-27,2022-05-27,00:00:00,0,Friday,King's Cross St Pancras,Interlocking,Cloudy,12,0,0,21,591,3,0,5,Spring
2022-05-28,2022-05-28,00:00:00,0,Saturday,Borough,Software/Electronics,Clear,15,0,1,51,2119,5,0,5,Spring
2022-05-31,2022-05-31,00:00:00,0,Tuesday,Stratford,Interlocking,Cloudy,12,0,0,40,1402,4,0,5,Spring
2022-06-01,2022-06-01,00:00:00,0,Wednesday,Bank,Software/Electronics,Snowy,16,0,0,56,1549,4,1,6,Summer
2022-06-02,2022-06-02,00:00:00,0,Thursday,Whitechapel,Track Circuit,Clear,19,0,0,65,2551,6,0,6,Summer
2022-06-04,2022-06-04,00:00:00,0,Saturday,Holborn,Software/Electronics,Rainy,19,0,1,59,1783,5,1,6,Summer
2022-06-05,2022-06-05,00:00:00,0,Sunday,Holborn,Track Circuit,Rainy,24,0,1,88,925,7,1,6,Summer
2022-06-06,2022-06-06,00:00:00,0,Monday,King's Cross St Pancras,Track Circuit,Cloudy,23,0,0,46,854,5,0,6,Summer
2022-06-07,2022-06-07,00:00:00,0,Tuesday,Waterloo,Interlocking,Cloudy,15,0,0,74,3317,7,0,6,Summer
2022-06-08,2022-06-08,00:00:00,0,Wednesday,Vauxhall,Power Supply,Clear,10,0,0,53,1166,5,0,6,Summer
2022-06-09,2022-06-09,00:00:00,0,Thursday,Waterloo,Cable/Connector,Cloudy,21,0,0,21,689,4,0,6,Summer
2022-06-11,2022-06-11,00:00:00,0,Saturday,St Pancras,Track Circuit,Foggy,17,0,1,127,3009,11,0,6,Summer
2022-06-12,2022-06-12,00:00:00,0,Sunday,King's Cross,Software/Electronics,Clear,15,0,1,20,483,4,0,6,Summer
2022-06-13,2022-06-13,00:00:00,0,Monday,Angel,Track Circuit,Clear,23,0,0,58,2286,5,0,6,Summer
2022-06-15,2022-06-15,00:00:00,0,Wednesday,Piccadilly Circus,Track Circuit,Rainy,15,0,0,66,2853,5,1,6,Summer
2022-06-16,2022-06-16,00:00:00,0,Thursday,Covent Garden,Interlocking,Rainy,17,0,0,58,2373,5,1,6,Summer
2022-06-17,2022-06-17,00:00:00,0,Friday,Whitechapel,Interlocking,Clear,16,0,0,20,788,4,0,6,Summer
2022-06-18,2022-06-18,00:00:00,0,Saturday,Stratford,Track Circuit,Clear,16,0,1,20,287,4,0,6,Summer
2022-06-19,2022-06-19,00:00:00,0,Sunday,Baker Street,Track Circuit,Cloudy,18,0,1,139,4955,12,0,6,Summer
2022-06-20,2022-06-20,00:00:00,0,Monday,Old Street,Cable/Connector,Snowy,19,0,0,131,5159,11,1,6,Summer
2022-06-21,2022-06-21,00:00:00,0,Tuesday,Old Street,Power Supply,Rainy,17,0,0,35,320,5,1,6,Summer
2022-06-22,2022-06-22,00:00:00,0,Wednesday,St Pancras,Software/Electronics,Snowy,20,0,0,46,1637,4,1,6,Summer
2022-06-23,2022-06-23,00:00:00,0,Thursday,Euston,Other,Rainy,21,0,0,72,1722,5,1,6,Summer
2022-06-24,2022-06-24,00:00:00,0,Friday,Euston,Power Supply,Clear,19,0,0,24,1144,4,0,6,Summer
2022-06-25,2022-06-25,00:00:00,0,Saturday,King's Cross,Track Circuit,Clear,11,0,1,85,3714,7,0,6,Summer
2022-06-26,2022-06-26,00:00:00,0,Sunday,Borough,Cable/Connector,Cloudy,17,0,1,74,1773,5,0,6,Summer
2022-06-27,2022-06-27,00:00:00,0,Monday,Holborn,Track Circuit,Foggy,13,0,0,85,2412,7,0,6,Summer
2022-06-28,2022-06-28,00:00:00,0,Tuesday,Angel,Interlocking,Foggy,12,0,0,82,1586,6,0,6,Summer
2022-06-29,2022-06-29,00:00:00,0,Wednesday,Liverpool Street,Track Circuit,Clear,18,0,0,73,1445,6,0,6,Summer
2022-06-30,2022-06-30,00:00:00,0,Thursday,Southwark,Power Supply,Foggy,18,0,0,23,316,4,0,6,Summer
2022-07-01,2022-07-01,00:00:00,0,Friday,Elephant & Castle,Power Supply,Clear,20,0,0,24,488,2,0,7,Summer
2022-07-02,2022-07-02,00:00:00,0,Saturday,Stratford,Track Circuit,Cloudy,22,0,1,21,897,2,0,7,Summer
2022-07-03,2022-07-03,00:00:00,0,Sunday,Farringdon,Track Circuit,Rainy,23,0,1,171,4662,13,1,7,Summer
2022-07-04,2022-07-04,00:00:00,0,Monday,Moorgate,Interlocking,Cloudy,16,0,0,37,341,5,0,7,Summer
2022-07-05,2022-07-05,00:00:00,0,Tuesday,Baker Street,Cable/Connector,Clear,14,0,0,70,3073,5,0,7,Summer
2022-07-06,2022-07-06,00:00:00,0,Wednesday,Baker Street,Other,Rainy,21,0,0,61,825,6,1,7,Summer
2022-07-07,2022-07-07,00:00:00,0,Thursday,Piccadilly Circus,Track Circuit,Clear,17,0,0,62,1846,7,0,7,Summer
2022-07-08,2022-07-08,00:00:00,0,Friday,Southwark,Track Circuit,Clear,19,0,0,81,1283,6,0,7,Summer
2022-07-09,2022-07-09,00:00:00,0,Saturday,Borough,Cable/Connector,Clear,15,0,1,20,833,2,0,7,Summer
2022-07-10,2022-07-10,00:00:00,0,Sunday,Paddington,Track Circuit,Clear,14,0,1,69,668,5,0,7,Summer
2022-07-11,2022-07-11,00:00:00,0,Monday,St Pancras,Cable/Connector,Rainy,15,0,0,26,827,4,1,7,Summer
2022-07-12,2022-07-12,00:00:00,0,Tuesday,St Pancras,Interlocking,Clear,21,0,0,33,978,4,0,7,Summer
2022-07-14,2022-07-14,00:00:00,0,Thursday,Farringdon,Power Supply,Cloudy,17,0,0,46,1446,5,0,7,Summer
2022-07-15,2022-07-15,00:00:00,0,Friday,Liverpool Street,Track Circuit,Foggy,17,0,0,102,1065,8,0,7,Summer
2022-07-16,2022-07-16,00:00:00,0,Saturday,Waterloo,Track Circuit,Cloudy,18,0,1,116,1422,9,0,7,Summer
2022-07-17,2022-07-17,00:00:00,0,Sunday,Farringdon,Interlocking,Clear,23,0,1,20,313,2,0,7,Summer
2022-07-18,2022-07-18,00:00:00,0,Monday,Borough,Cable/Connector,Rainy,19,0,0,94,4190,8,1,7,Summer
2022-07-19,2022-07-19,00:00:00,0,Tuesday,St Pancras,Track Circuit,Cloudy,12,0,0,75,2376,8,0,7,Summer
2022-07-21,2022-07-21,00:00:00,0,Thursday,St Pancras,Software/Electronics,Clear,16,0,0,28,534,3,0,7,Summer
2022-07-22,2022-07-22,00:00:00,0,Friday,Holborn,Software/Electronics,Clear,24,0,0,33,1214,4,0,7,Summer
2022-07-23,2022-07-23,00:00:00,0,Saturday,Euston,Software/Electronics,Cloudy,22,0,1,29,304,3,0,7,Summer
2022-07-24,2022-07-24,00:00:00,0,Sunday,Victoria,Track Circuit,Rainy,15,0,1,84,1810,8,1,7,Summer
2022-07-25,2022-07-25,00:00:00,0,Monday,Whitechapel,Track Circuit,Rainy,17,0,0,109,1246,9,1,7,Summer
2022-07-26,2022-07-26,00:00:00,0,Tuesday,Waterloo,Track Circuit,Cloudy,17,0,0,128,2681,11,0,7,Summer
2022-07-27,2022-07-27,00:00:00,0,Wednesday,Farringdon,Track Circuit,Cloudy,12,0,0,71,2676,6,0,7,Summer
2022-07-28,2022-07-28,00:00:00,0,Thursday,Covent Garden,Software/Electronics,Rainy,24,0,0,35,1528,3,1,7,Summer
2022-07-29,2022-07-29,00:00:00,0,Friday,Euston,Track Circuit,Rainy,17,0,0,154,6645,11,1,7,Summer
2022-08-01,2022-08-01,00:00:00,0,Monday,Euston,Interlocking,Clear,16,0,0,37,949,4,0,8,Summer
2022-08-02,2022-08-02,00:00:00,0,Tuesday,King's Cross St Pancras,Other,Cloudy,13,0,0,63,750,6,0,8,Summer
2022-08-03,2022-08-03,00:00:00,0,Wednesday,Euston,Software/Electronics,Cloudy,20,0,0,49,987,5,0,8,Summer
2022-08-04,2022-08-04,00:00:00,0,Thursday,Victoria,Other,Foggy,21,0,0,109,1794,8,0,8,Summer
2022-08-05,2022-08-05,00:00:00,0,Friday,King's Cross,Cable/Connector,Clear,18,0,0,60,2317,5,0,8,Summer
2022-08-06,2022-08-06,00:00:00,0,Saturday,Piccadilly Circus,Power Supply,Foggy,17,0,1,55,1852,5,0,8,Summer
2022-08-07,2022-08-07,00:00:00,0,Sunday,Victoria,Interlocking,Rainy,9,0,1,101,1875,7,1,8,Summer
2022-08-08,2022-08-08,00:00:00,0,Monday,Whitechapel,Track Circuit,Cloudy,17,0,0,48,1296,6,0,8,Summer
2022-08-10,2022-08-10,00:00:00,0,Wednesday,Paddington,Cable/Connector,Cloudy,14,0,0,21,188,3,0,8,Summer
2022-08-11,2022-08-11,00:00:00,0,Thursday,Borough,Track Circuit,Cloudy,21,0,0,42,360,4,0,8,Summer
2022-08-12,2022-08-12,00:00:00,0,Friday,St Pancras,Interlocking,Foggy,10,0,0,23,400,4,0,8,Summer
2022-08-13,2022-08-13,00:00:00,0,Saturday,King's Cross St Pancras,Track Circuit,Foggy,18,0,1,93,3741,9,0,8,Summer
2022-08-14,2022-08-14,00:00:00,0,Sunday,Elephant & Castle,Other,Clear,22,0,1,39,483,5,0,8,Summer
2022-08-15,2022-08-15,00:00:00,0,Monday,Angel,Interlocking,Cloudy,13,0,0,29,686,4,0,8,Summer
2022-08-16,2022-08-16,00:00:00,0,Tuesday,Paddington,Track Circuit,Cloudy,17,0,0,21,886,3,0,8,Summer
2022-08-17,2022-08-17,00:00:00,0,Wednesday,Euston,Track Circuit,Clear,18,0,0,58,1414,4,0,8,Summer
2022-08-18,2022-08-18,00:00:00,0,Thursday,Bank,Track Circuit,Snowy,17,0,0,124,3771,11,1,8,Summer
2022-08-19,2022-08-19,00:00:00,0,Friday,Elephant & Castle,Power Supply,Foggy,16,0,0,42,1283,4,0,8,Summer
2022-08-21,2022-08-21,00:00:00,0,Sunday,King's Cross,Power Supply,Cloudy,16,0,1,28,1290,4,0,8,Summer
2022-08-22,2022-08-22,00:00:00,0,Monday,London Bridge,Track Circuit,Snowy,19,0,0,103,949,7,1,8,Summer
2022-08-23,2022-08-23,00:00:00,0,Tuesday,Borough,Other,Foggy,14,0,0,49,1101,5,0,8,Summer
2022-08-24,2022-08-24,00:00:00,0,Wednesday,Whitechapel,Power Supply,Clear,19,0,0,28,649,3,0,8,Summer
2022-08-25,2022-08-25,00:00:00,0,Thursday,Victoria,Interlocking,Cloudy,18,0,0,24,856,4,0,8,Summer
2022-08-26,2022-08-26,00:00:00,0,Friday,London Bridge,Interlocking,Clear,17,0,0,29,896,4,0,8,Summer
2022-08-27,2022-08-27,00:00:00,0,Saturday,Euston,Track Circuit,Clear,18,0,1,63,1557,6,0,8,Summer
2022-08-28,2022-08-28,00:00:00,0,Sunday,King's Cross,Track Circuit,Clear,18,0,1,52,1224,5,0,8,Summer
2022-08-29,2022-08-29,00:00:00,0,Monday,Baker Street,Track Circuit,Clear,18,0,0,44,800,3,0,8,Summer
2022-08-31,2022-08-31,00:00:00,0,Wednesday,Victoria,Track Circuit,Foggy,18,0,0,100,3076,8,0,8,Summer
2022-09-01,2022-09-01,00:00:00,0,Thursday,Liverpool Street,Track Circuit,Rainy,13,0,0,26,773,4,1,9,Autumn
2022-09-02,2022-09-02,00:00:00,0,Friday,Stratford,Interlocking,Foggy,10,0,0,33,1212,5,0,9,Autumn
2022-09-03,2022-09-03,00:00:00,0,Saturday,Euston,Track Circuit,Clear,14,0,1,32,1429,5,0,9,Autumn
2022-09-04,2022-09-04,00:00:00,0,Sunday,Waterloo,Cable/Connector,Foggy,8,0,1,46,1590,4,0,9,Autumn
2022-09-05,2022-09-05,00:00:00,0,Monday,Southwark,Track Circuit,Rainy,17,0,0,78,1032,6,1,9,Autumn
2022-09-06,2022-09-06,00:00:00,0,Tuesday,Paddington,Track Circuit,Clear,4,0,0,79,1131,8,0,9,Autumn
2022-09-07,2022-09-07,00:00:00,0,Wednesday,Stratford,Track Circuit,Cloudy,12,0,0,109,3359,8,0,9,Autumn
2022-09-08,2022-09-08,00:00:00,0,Thursday,Old Street,Track Circuit,Clear,11,0,0,95,3063,9,0,9,Autumn
2022-09-09,2022-09-09,00:00:00,0,Friday,Stratford,Power Supply,Snowy,12,0,0,43,881,5,1,9,Autumn
2022-09-10,2022-09-10,00:00:00,0,Saturday,Stratford,Track Circuit,Rainy,19,0,1,67,581,5,1,9,Autumn
2022-09-11,2022-09-11,00:00:00,0,Sunday,Southwark,Power Supply,Clear,9,0,1,47,1198,4,0,9,Autumn
2022-09-12,2022-09-12,00:00:00,0,Monday,Covent Garden,Track Circuit,Rainy,10,0,0,122,2173,9,1,9,Autumn
2022-09-13,2022-09-13,00:00:00,0,Tuesday,Baker Street,Track Circuit,Clear,11,0,0,80,3925,6,0,9,Autumn
2022-09-14,2022-09-14,00:00:00,0,Wednesday,Paddington,Cable/Connector,Cloudy,15,0,0,37,1432,5,0,9,Autumn
2022-09-15,2022-09-15,00:00:00,0,Thursday,Baker Street,Track Circuit,Rainy,15,0,0,27,669,2,1,9,Autumn
2022-09-16,2022-09-16,00:00:00,0,Friday,Victoria,Cable/Connector,Cloudy,18,0,0,21,866,4,0,9,Autumn
2022-09-17,2022-09-17,00:00:00,0,Saturday,Waterloo,Interlocking,Clear,8,0,1,74,3058,5,0,9,Autumn
2022-09-18,2022-09-18,00:00:00,0,Sunday,Waterloo,Track Circuit,Foggy,18,0,1,86,3948,7,0,9,Autumn
2022-09-19,2022-09-19,00:00:00,0,Monday,Whitechapel,Interlocking,Clear,7,0,0,41,1732,5,0,9,Autumn
2022-09-20,2022-09-20,00:00:00,0,Tuesday,Southwark,Track Circuit,Rainy,10,0,0,97,1417,7,1,9,Autumn
2022-09-21,2022-09-21,00:00:00,0,Wednesday,Clapham Junction,Power Supply,Rainy,11,0,0,26,762,3,1,9,Autumn
2022-09-22,2022-09-22,00:00:00,0,Thursday,King's Cross,Track Circuit,Cloudy,10,0,0,44,1109,3,0,9,Autumn
2022-09-23,2022-09-23,00:00:00,0,Friday,Angel,Track Circuit,Cloudy,11,0,0,71,675,6,0,9,Autumn
2022-09-24,2022-09-24,00:00:00,0,Saturday,Moorgate,Interlocking,Rainy,11,0,1,68,753,5,1,9,Autumn
2022-09-25,2022-09-25,00:00:00,0,Sunday,Angel,Track Circuit,Rainy,13,0,1,92,2936,7,1,9,Autumn
2022-09-26,2022-09-26,00:00:00,0,Monday,Bank,Software/Electronics,Rainy,12,0,0,39,1191,4,1,9,Autumn
2022-09-27,2022-09-27,00:00:00,0,Tuesday,Old Street,Power Supply,Rainy,12,0,0,45,1907,5,1,9,Autumn
2022-09-28,2022-09-28,00:00:00,0,Wednesday,Moorgate,Track Circuit,Cloudy,16,0,0,47,2147,6,0,9,Autumn
2022-09-29,2022-09-29,00:00:00,0,Thursday,Victoria,Other,Clear,14,0,0,82,826,7,0,9,Autumn
2022-09-30,2022-09-30,00:00:00,0,Friday,Moorgate,Track Circuit,Clear,15,0,0,101,4082,7,0,9,Autumn
2022-10-01,2022-10-01,00:00:00,0,Saturday,Covent Garden,Power Supply,Cloudy,15,0,1,21,425,2,0,10,Autumn
2022-10-02,2022-10-02,00:00:00,0,Sunday,Angel,Cable/Connector,Rainy,16,0,1,45,562,6,1,10,Autumn
2022-10-03,2022-10-03,00:00:00,0,Monday,Moorgate,Interlocking,Rainy,16,0,0,127,1102,10,1,10,Autumn
2022-10-04,2022-10-04,00:00:00,0,Tuesday,Borough,Interlocking,Cloudy,12,0,0,92,2254,9,0,10,Autumn
2022-10-05,2022-10-05,00:00:00,0,Wednesday,Waterloo,Software/Electronics,Cloudy,20,0,0,31,912,3,0,10,Autumn
2022-10-06,2022-10-06,00:00:00,0,Thursday,Bank,Track Circuit,Stormy,9,0,0,43,2046,4,1,10,Autumn
2022-10-07,2022-10-07,00:00:00,0,Friday,Elephant & Castle,Power Supply,Cloudy,13,0,0,77,1489,8,0,10,Autumn
2022-10-08,2022-10-08,00:00:00,0,Saturday,Victoria,Track Circuit,Cloudy,11,0,1,35,731,4,0,10,Autumn
2022-10-09,2022-10-09,00:00:00,0,Sunday,King's Cross St Pancras,Power Supply,Clear,11,0,1,61,668,6,0,10,Autumn
2022-10-10,2022-10-10,00:00:00,0,Monday,Liverpool Street,Interlocking,Rainy,15,0,0,102,2473,7,1,10,Autumn
2022-10-11,2022-10-11,00:00:00,0,Tuesday,Southwark,Track Circuit,Foggy,20,0,0,23,780,4,0,10,Autumn
2022-10-13,2022-10-13,00:00:00,0,Thursday,Paddington,Power Supply,Cloudy,16,0,0,53,1107,4,0,10,Autumn
2022-10-14,2022-10-14,00:00:00,0,Friday,Paddington,Power Supply,Foggy,6,0,0,57,2439,5,0,10,Autumn
2022-10-16,2022-10-16,00:00:00,0,Sunday,Covent Garden,Software/Electronics,Clear,13,0,1,42,1485,5,0,10,Autumn
2022-10-17,2022-10-17,00:00:00,0,Monday,Holborn,Power Supply,Clear,13,0,0,20,350,4,0,10,Autumn
2022-10-18,2022-10-18,00:00:00,0,Tuesday,King's Cross St Pancras,Track Circuit,Foggy,0,0,0,95,3971,8,0,10,Autumn
2022-10-19,2022-10-19,00:00:00,0,Wednesday,Vauxhall,Power Supply,Clear,16,0,0,20,175,4,0,10,Autumn
2022-10-20,2022-10-20,00:00:00,0,Thursday,Moorgate,Track Circuit,Rainy,9,0,0,120,1600,10,1,10,Autumn
2022-10-21,2022-10-21,00:00:00,0,Friday,Borough,Track Circuit,Clear,15,0,0,55,2285,6,0,10,Autumn
2022-10-22,2022-10-22,00:00:00,0,Saturday,Covent Garden,Interlocking,Rainy,7,0,1,52,1992,5,1,10,Autumn
2022-10-23,2022-10-23,00:00:00,0,Sunday,Victoria,Power Supply,Rainy,10,0,1,42,1719,5,1,10,Autumn
2022-10-24,2022-10-24,00:00:00,0,Monday,Victoria,Interlocking,Cloudy,15,0,0,65,2542,7,0,10,Autumn
2022-10-25,2022-10-25,00:00:00,0,Tuesday,Euston,Power Supply,Foggy,11,0,0,39,1872,5,0,10,Autumn
2022-10-26,2022-10-26,00:00:00,0,Wednesday,Angel,Track Circuit,Cloudy,7,0,0,58,1529,4,0,10,Autumn
2022-10-27,2022-10-27,00:00:00,0,Thursday,Elephant & Castle,Track Circuit,Cloudy,13,0,0,91,2648,8,0,10,Autumn
2022-10-28,2022-10-28,00:00:00,0,Friday,Whitechapel,Track Circuit,Cloudy,3,0,0,75,3372,7,0,10,Autumn
2022-10-29,2022-10-29,00:00:00,0,Saturday,Southwark,Track Circuit,Clear,14,0,1,31,451,4,0,10,Autumn
2022-10-30,2022-10-30,00:00:00,0,Sunday,Vauxhall,Track Circuit,Clear,13,0,1,38,1191,4,0,10,Autumn
2022-10-31,2022-10-31,00:00:00,0,Monday,Angel,Cable/Connector,Clear,13,0,0,71,3519,5,0,10,Autumn
2022-11-01,2022-11-01,00:00:00,0,Tuesday,Southwark,Power Supply,Cloudy,13,0,0,61,1105,6,0,11,Autumn
2022-11-02,2022-11-02,00:00:00,0,Wednesday,Southwark,Track Circuit,Rainy,15,0,0,84,2534,8,1,11,Autumn
2022-11-03,2022-11-03,00:00:00,0,Thursday,Baker Street,Power Supply,Clear,13,0,0,24,603,3,0,11,Autumn
2022-11-04,2022-11-04,00:00:00,0,Friday,Paddington,Power Supply,Clear,12,0,0,33,543,5,0,11,Autumn
2022-11-05,2022-11-05,00:00:00,0,Saturday,Bank,Track Circuit,Rainy,11,0,1,113,5544,8,1,11,Autumn
2022-11-06,2022-11-06,00:00:00,0,Sunday,Liverpool Street,Software/Electronics,Cloudy,12,0,1,33,726,3,0,11,Autumn
2022-11-07,2022-11-07,00:00:00,0,Monday,Liverpool Street,Power Supply,Clear,18,0,0,66,2959,6,0,11,Autumn
2022-11-08,2022-11-08,00:00:00,0,Tuesday,Victoria,Power Supply,Clear,10,0,0,20,946,4,0,11,Autumn
2022-11-09,2022-11-09,00:00:00,0,Wednesday,Angel,Track Circuit,Clear,16,0,0,109,2654,9,0,11,Autumn
2022-11-10,2022-11-10,00:00:00,0,Thursday,Paddington,Interlocking,Clear,16,0,0,46,1876,6,0,11,Autumn
2022-11-11,2022-11-11,00:00:00,0,Friday,King's Cross,Track Circuit,Clear,5,0,0,20,754,4,0,11,Autumn
2022-11-12,2022-11-12,00:00:00,0,Saturday,Farringdon,Power Supply,Rainy,15,0,1,66,1529,7,1,11,Autumn
2022-11-13,2022-11-13,00:00:00,0,Sunday,Southwark,Interlocking,Rainy,11,0,1,87,2388,8,1,11,Autumn
2022-11-14,2022-11-14,00:00:00,0,Monday,Victoria,Other,Rainy,10,0,0,26,277,3,1,11,Autumn
2022-11-15,2022-11-15,00:00:00,0,Tuesday,London Bridge,Interlocking,Clear,11,0,0,20,730,4,0,11,Autumn
2022-11-16,2022-11-16,00:00:00,0,Wednesday,Old Street,Software/Electronics,Cloudy,5,0,0,50,1817,5,0,11,Autumn
2022-11-17,2022-11-17,00:00:00,0,Thursday,Angel,Interlocking,Stormy,17,0,0,70,2083,5,1,11,Autumn
2022-11-18,2022-11-18,00:00:00,0,Friday,Piccadilly Circus,Power Supply,Clear,12,0,0,76,3621,8,0,11,Autumn
2022-11-19,2022-11-19,00:00:00,0,Saturday,Piccadilly Circus,Software/Electronics,Clear,15,0,1,32,1225,4,0,11,Autumn
2022-11-20,2022-11-20,00:00:00,0,Sunday,Victoria,Software/Electronics,Clear,12,0,1,20,896,4,0,11,Autumn
2022-11-21,2022-11-21,00:00:00,0,Monday,Moorgate,Power Supply,Rainy,13,0,0,44,748,3,1,11,Autumn
2022-11-23,2022-11-23,00:00:00,0,Wednesday,Paddington,Power Supply,Clear,10,0,0,54,2429,6,0,11,Autumn
2022-11-24,2022-11-24,00:00:00,0,Thursday,Bank,Interlocking,Clear,15,0,0,27,290,2,0,11,Autumn
2022-11-25,2022-11-25,00:00:00,0,Friday,Victoria,Software/Electronics,Clear,10,0,0,20,694,3,0,11,Autumn
2022-11-26,2022-11-26,00:00:00,0,Saturday,Farringdon,Software/Electronics,Foggy,11,0,1,36,1779,4,0,11,Autumn
2022-11-27,2022-11-27,00:00:00,0,Sunday,Victoria,Power Supply,Cloudy,6,0,1,29,454,3,0,11,Autumn
2022-11-28,2022-11-28,00:00:00,0,Monday,Holborn,Interlocking,Stormy,8,0,0,82,2838,6,1,11,Autumn
2022-11-29,2022-11-29,00:00:00,0,Tuesday,Elephant & Castle,Interlocking,Rainy,18,0,0,76,2140,8,1,11,Autumn
2022-11-30,2022-11-30,00:00:00,0,Wednesday,Old Street,Software/Electronics,Clear,18,0,0,51,486,6,0,11,Autumn
2022-12-01,2022-12-01,00:00:00,0,Thursday,Covent Garden,Track Circuit,Clear,4,0,0,42,1018,5,0,12,Winter
2022-12-03,2022-12-03,00:00:00,0,Saturday,Euston,Software/Electronics,Clear,5,0,1,50,1737,6,0,12,Winter
2022-12-04,2022-12-04,00:00:00,0,Sunday,Waterloo,Power Supply,Clear,4,0,1,20,551,4,0,12,Winter
2022-12-05,2022-12-05,00:00:00,0,Monday,St Pancras,Other,Rainy,6,0,0,136,5260,12,1,12,Winter
2022-12-06,2022-12-06,00:00:00,0,Tuesday,Baker Street,Track Circuit,Cloudy,7,0,0,103,1390,7,0,12,Winter
2022-12-07,2022-12-07,00:00:00,0,Wednesday,Clapham Junction,Interlocking,Clear,3,0,0,84,1618,7,0,12,Winter
2022-12-08,2022-12-08,00:00:00,0,Thursday,King's Cross St Pancras,Track Circuit,Stormy,3,0,0,30,423,4,1,12,Winter
2022-12-09,2022-12-09,00:00:00,0,Friday,Southwark,Other,Clear,8,0,0,80,3824,7,0,12,Winter
2022-12-10,2022-12-10,00:00:00,0,Saturday,Waterloo,Software/Electronics,Cloudy,5,0,1,24,906,2,0,12,Winter
2022-12-12,2022-12-12,00:00:00,0,Monday,Paddington,Cable/Connector,Cloudy,5,0,0,21,343,4,0,12,Winter
2022-12-13,2022-12-13,00:00:00,0,Tuesday,St Pancras,Track Circuit,Clear,0,0,0,20,998,3,0,12,Winter
2022-12-14,2022-12-14,00:00:00,0,Wednesday,Liverpool Street,Track Circuit,Clear,0,0,0,124,1674,9,0,12,Winter
2022-12-15,2022-12-15,00:00:00,0,Thursday,Angel,Track Circuit,Rainy,12,0,0,143,1770,12,1,12,Winter
2022-12-17,2022-12-17,00:00:00,0,Saturday,Waterloo,Track Circuit,Snowy,4,0,1,86,3333,6,1,12,Winter
2022-12-18,2022-12-18,00:00:00,0,Sunday,Angel,Power Supply,Cloudy,6,0,1,26,627,4,0,12,Winter
2022-12-19,2022-12-19,00:00:00,0,Monday,Stratford,Software/Electronics,Clear,5,0,0,45,1863,5,0,12,Winter
2022-12-20,2022-12-20,00:00:00,0,Tuesday,Elephant & Castle,Track Circuit,Foggy,8,0,0,67,1823,6,0,12,Winter
2022-12-21,2022-12-21,00:00:00,0,Wednesday,Southwark,Cable/Connector,Rainy,4,0,0,74,1909,5,1,12,Winter
2022-12-22,2022-12-22,00:00:00,0,Thursday,London Bridge,Power Supply,Clear,-8,0,0,59,2067,5,0,12,Winter
2022-12-23,2022-12-23,00:00:00,0,Friday,Angel,Track Circuit,Rainy,1,0,0,87,1510,7,1,12,Winter
2022-12-24,2022-12-24,00:00:00,0,Saturday,Old Street,Interlocking,Cloudy,1,0,1,54,2145,6,0,12,Winter
2022-12-25,2022-12-25,00:00:00,0,Sunday,Covent Garden,Track Circuit,Cloudy,-1,0,1,21,714,2,0,12,Winter
2022-12-26,2022-12-26,00:00:00,0,Monday,King's Cross,Software/Electronics,Cloudy,3,0,0,38,605,3,0,12,Winter
2022-12-27,2022-12-27,00:00:00,0,Tuesday,Clapham Junction,Interlocking,Clear,2,0,0,25,374,4,0,12,Winter
2022-12-28,2022-12-28,00:00:00,0,Wednesday,King's Cross,Track Circuit,Cloudy,8,0,0,21,461,4,0,12,Winter
2022-12-29,2022-12-29,00:00:00,0,Thursday,Liverpool Street,Power Supply,Rainy,7,0,0,74,2586,6,1,12,Winter
2022-12-30,2022-12-30,00:00:00,0,Friday,Borough,Power Supply,Clear,15,0,0,20,754,4,0,12,Winter
2022-12-31,2022-12-31,00:00:00,0,Saturday,Elephant & Castle,Interlocking,Snowy,3,0,1,42,2066,4,1,12,Winter
2023-01-01,2023-01-01,00:00:00,0,Sunday,Covent Garden,Track Circuit,Clear,6,0,1,43,1394,4,0,1,Winter
2023-01-02,2023-01-02,00:00:00,0,Monday,Elephant & Castle,Power Supply,Clear,9,0,0,48,2308,5,0,1,Winter
2023-01-03,2023-01-03,00:00:00,0,Tuesday,Stratford,Track Circuit,Clear,1,0,0,20,980,4,0,1,Winter
2023-01-04,2023-01-04,00:00:00,0,Wednesday,Victoria,Interlocking,Rainy,1,0,0,57,2119,5,1,1,Winter
2023-01-05,2023-01-05,00:00:00,0,Thursday,Elephant & Castle,Cable/Connector,Clear,7,0,0,77,2514,6,0,1,Winter
2023-01-06,2023-01-06,00:00:00,0,Friday,Piccadilly Circus,Cable/Connector,Clear,2,0,0,57,877,6,0,1,Winter
2023-01-07,2023-01-07,00:00:00,0,Saturday,St Pancras,Power Supply,Cloudy,3,0,1,55,2547,6,0,1,Winter
2023-01-08,2023-01-08,00:00:00,0,Sunday,Bank,Interlocking,Cloudy,6,0,1,66,3021,7,0,1,Winter
2023-01-09,2023-01-09,00:00:00,0,Monday,St Pancras,Track Circuit,Foggy,4,0,0,103,3328,8,0,1,Winter
2023-01-10,2023-01-10,00:00:00,0,Tuesday,King's Cross,Other,Cloudy,9,0,0,81,1224,6,0,1,Winter
2023-01-11,2023-01-11,00:00:00,0,Wednesday,Vauxhall,Track Circuit,Clear,5,0,0,20,816,4,0,1,Winter
2023-01-12,2023-01-12,00:00:00,0,Thursday,King's Cross,Track Circuit,Clear,9,0,0,80,1416,6,0,1,Winter
2023-01-13,2023-01-13,00:00:00,0,Friday,Stratford,Track Circuit,Clear,7,0,0,95,2918,8,0,1,Winter
2023-01-14,2023-01-14,00:00:00,0,Saturday,Stratford,Interlocking,Clear,5,0,1,68,973,5,0,1,Winter
2023-01-15,2023-01-15,00:00:00,0,Sunday,Old Street,Power Supply,Clear,3,0,1,33,1162,4,0,1,Winter
2023-01-16,2023-01-16,00:00:00,0,Monday,Piccadilly Circus,Track Circuit,Snowy,4,0,0,123,4717,10,1,1,Winter
2023-01-17,2023-01-17,00:00:00,0,Tuesday,Victoria,Software/Electronics,Clear,6,0,0,35,1292,3,0,1,Winter
2023-01-18,2023-01-18,00:00:00,0,Wednesday,Bank,Cable/Connector,Cloudy,6,0,0,24,408,4,0,1,Winter
2023-01-19,2023-01-19,00:00:00,0,Thursday,Elephant & Castle,Track Circuit,Foggy,0,0,0,48,1880,4,0,1,Winter
2023-01-20,2023-01-20,00:00:00,0,Friday,Paddington,Power Supply,Clear,1,0,0,29,1209,3,0,1,Winter
2023-01-21,2023-01-21,00:00:00,0,Saturday,Farringdon,Track Circuit,Clear,8,0,1,69,3069,7,0,1,Winter
2023-01-22,2023-01-22,00:00:00,0,Sunday,Whitechapel,Software/Electronics,Foggy,1,0,1,54,2184,6,0,1,Winter
2023-01-23,2023-01-23,00:00:00,0,Monday,Farringdon,Software/Electronics,Cloudy,1,0,0,53,1650,6,0,1,Winter
2023-01-24,2023-01-24,00:00:00,0,Tuesday,London Bridge,Cable/Connector,Clear,4,0,0,47,753,4,0,1,Winter
2023-01-26,2023-01-26,00:00:00,0,Thursday,Vauxhall,Track Circuit,Snowy,4,0,0,33,861,5,1,1,Winter
2023-01-27,2023-01-27,00:00:00,0,Friday,King's Cross,Software/Electronics,Cloudy,15,0,0,39,781,4,0,1,Winter
2023-01-28,2023-01-28,00:00:00,0,Saturday,Waterloo,Track Circuit,Clear,1,0,1,64,1924,6,0,1,Winter
2023-01-29,2023-01-29,00:00:00,0,Sunday,Liverpool Street,Software/Electronics,Clear,4,0,1,31,1382,4,0,1,Winter
2023-01-30,2023-01-30,00:00:00,0,Monday,Holborn,Software/Electronics,Foggy,2,0,0,25,981,3,0,1,Winter
2023-01-31,2023-01-31,00:00:00,0,Tuesday,Holborn,Software/Electronics,Clear,6,0,0,60,2778,6,0,1,Winter
2023-02-02,2023-02-02,00:00:00,0,Thursday,King's Cross St Pancras,Power Supply,Rainy,-3,0,0,68,3151,7,1,2,Winter
2023-02-03,2023-02-03,00:00:00,0,Friday,Elephant & Castle,Software/Electronics,Clear,7,0,0,23,873,3,0,2,Winter
2023-02-04,2023-02-04,00:00:00,0,Saturday,Victoria,Software/Electronics,Cloudy,5,0,1,21,666,3,0,2,Winter
2023-02-05,2023-02-05,00:00:00,0,Sunday,Waterloo,Power Supply,Rainy,3,0,1,39,1294,4,1,2,Winter
2023-02-06,2023-02-06,00:00:00,0,Monday,Clapham Junction,Track Circuit,Clear,0,0,0,47,2209,6,0,2,Winter
2023-02-07,2023-02-07,00:00:00,0,Tuesday,Borough,Power Supply,Cloudy,5,0,0,29,403,4,0,2,Winter
2023-02-08,2023-02-08,00:00:00,0,Wednesday,London Bridge,Track Circuit,Rainy,2,0,0,76,1384,6,1,2,Winter
2023-02-09,2023-02-09,00:00:00,0,Thursday,Elephant & Castle,Power Supply,Clear,0,0,0,61,2803,5,0,2,Winter
2023-02-10,2023-02-10,00:00:00,0,Friday,Whitechapel,Track Circuit,Clear,8,0,0,80,1822,7,0,2,Winter
2023-02-12,2023-02-12,00:00:00,0,Sunday,Holborn,Interlocking,Cloudy,1,0,1,35,995,4,0,2,Winter
2023-02-13,2023-02-13,00:00:00,0,Monday,Moorgate,Track Circuit,Clear,8,0,0,83,2270,6,0,2,Winter
2023-02-14,2023-02-14,00:00:00,0,Tuesday,Vauxhall,Power Supply,Cloudy,7,0,0,67,2802,6,0,2,Winter
2023-02-15,2023-02-15,00:00:00,0,Wednesday,Angel,Power Supply,Stormy,8,0,0,85,1559,7,1,2,Winter
2023-02-16,2023-02-16,00:00:00,0,Thursday,Whitechapel,Power Supply,Clear,0,0,0,20,490,3,0,2,Winter
2023-02-17,2023-02-17,00:00:00,0,Friday,Old Street,Software/Electronics,Cloudy,7,0,0,63,2520,5,0,2,Winter
2023-02-18,2023-02-18,00:00:00,0,Saturday,Liverpool Street,Software/Electronics,Clear,7,0,1,28,504,4,0,2,Winter
2023-02-19,2023-02-19,00:00:00,0,Sunday,Euston,Software/Electronics,Clear,10,0,1,32,1497,3,0,2,Winter
2023-02-20,2023-02-20,00:00:00,0,Monday,Moorgate,Software/Electronics,Cloudy,5,0,0,37,1455,5,0,2,Winter
2023-02-21,2023-02-21,00:00:00,0,Tuesday,Stratford,Track Circuit,Clear,1,0,0,51,1801,5,0,2,Winter
2023-02-22,2023-02-22,00:00:00,0,Wednesday,London Bridge,Power Supply,Snowy,1,0,0,28,308,4,1,2,Winter
2023-02-23,2023-02-23,00:00:00,0,Thursday,Euston,Track Circuit,Rainy,5,0,0,75,3142,6,1,2,Winter
2023-02-24,2023-02-24,00:00:00,0,Friday,Whitechapel,Interlocking,Rainy,2,0,0,57,2108,4,1,2,Winter
2023-02-25,2023-02-25,00:00:00,0,Saturday,Paddington,Track Circuit,Cloudy,8,0,1,21,416,3,0,2,Winter
2023-02-26,2023-02-26,00:00:00,0,Sunday,Stratford,Interlocking,Clear,5,0,1,51,1226,4,0,2,Winter
2023-02-27,2023-02-27,00:00:00,0,Monday,Covent Garden,Cable/Connector,Clear,2,0,0,20,612,2,0,2,Winter
2023-02-28,2023-02-28,00:00:00,0,Tuesday,Old Street,Interlocking,Stormy,2,0,0,84,3992,8,1,2,Winter
2023-03-01,2023-03-01,00:00:00,0,Wednesday,Liverpool Street,Interlocking,Stormy,16,0,0,30,462,3,1,3,Spring
2023-03-02,2023-03-02,00:00:00,0,Thursday,Old Street,Track Circuit,Rainy,11,0,0,45,822,6,1,3,Spring
2023-03-03,2023-03-03,00:00:00,0,Friday,Bank,Power Supply,Cloudy,12,0,0,35,394,4,0,3,Spring
2023-03-04,2023-03-04,00:00:00,0,Saturday,Old Street,Interlocking,Clear,0,0,1,20,450,4,0,3,Spring
2023-03-05,2023-03-05,00:00:00,0,Sunday,Old Street,Track Circuit,Rainy,11,0,1,68,2723,7,1,3,Spring
2023-03-06,2023-03-06,00:00:00,0,Monday,Borough,Interlocking,Rainy,9,0,0,88,2664,8,1,3,Spring
2023-03-07,2023-03-07,00:00:00,0,Tuesday,Holborn,Software/Electronics,Cloudy,8,0,0,26,446,4,0,3,Spring
2023-03-09,2023-03-09,00:00:00,0,Thursday,Euston,Interlocking,Rainy,8,0,0,68,1451,7,1,3,Spring
2023-03-10,2023-03-10,00:00:00,0,Friday,Southwark,Track Circuit,Cloudy,11,0,0,90,3115,9,0,3,Spring
2023-03-11,2023-03-11,00:00:00,0,Saturday,Southwark,Interlocking,Clear,14,0,1,70,1984,5,0,3,Spring
2023-03-12,2023-03-12,00:00:00,0,Sunday,Borough,Track Circuit,Cloudy,9,0,1,46,388,4,0,3,Spring
2023-03-13,2023-03-13,00:00:00,0,Monday,Bank,Track Circuit,Rainy,16,0,0,150,3510,12,1,3,Spring
2023-03-14,2023-03-14,00:00:00,0,Tuesday,Euston,Interlocking,Foggy,12,0,0,23,370,3,0,3,Spring
2023-03-15,2023-03-15,00:00:00,0,Wednesday,Baker Street,Power Supply,Clear,17,0,0,20,260,4,0,3,Spring
2023-03-16,2023-03-16,00:00:00,0,Thursday,King's Cross,Track Circuit,Stormy,10,0,0,73,1352,6,1,3,Spring
2023-03-17,2023-03-17,00:00:00,0,Friday,Moorgate,Software/Electronics,Rainy,9,0,0,65,3155,5,1,3,Spring
2023-03-18,2023-03-18,00:00:00,0,Saturday,Piccadilly Circus,Track Circuit,Foggy,17,0,1,69,1899,6,0,3,Spring
2023-03-19,2023-03-19,00:00:00,0,Sunday,Borough,Interlocking,Stormy,17,0,1,109,3239,8,1,3,Spring
2023-03-20,2023-03-20,00:00:00,0,Monday,King's Cross,Other,Stormy,13,0,0,43,1476,4,1,3,Spring
2023-03-21,2023-03-21,00:00:00,0,Tuesday,Piccadilly Circus,Track Circuit,Clear,14,0,0,44,532,3,0,3,Spring
2023-03-22,2023-03-22,00:00:00,0,Wednesday,Euston,Track Circuit,Foggy,17,0,0,74,3401,5,0,3,Spring
2023-03-23,2023-03-23,00:00:00,0,Thursday,Covent Garden,Software/Electronics,Stormy,14,0,0,58,1690,6,1,3,Spring
2023-03-24,2023-03-24,00:00:00,0,Friday,Moorgate,Software/Electronics,Foggy,12,0,0,23,1036,3,0,3,Spring
2023-03-25,2023-03-25,00:00:00,0,Saturday,Borough,Software/Electronics,Clear,10,0,1,26,234,4,0,3,Spring
2023-03-26,2023-03-26,00:00:00,0,Sunday,Farringdon,Software/Electronics,Clear,20,0,1,20,465,4,0,3,Spring
2023-03-27,2023-03-27,00:00:00,0,Monday,King's Cross,Interlocking,Rainy,11,0,0,71,1692,6,1,3,Spring
2023-03-28,2023-03-28,00:00:00,0,Tuesday,Holborn,Track Circuit,Rainy,9,0,0,65,3027,7,1,3,Spring
2023-03-29,2023-03-29,00:00:00,0,Wednesday,Stratford,Track Circuit,Clear,14,0,0,47,1149,5,0,3,Spring
2023-03-30,2023-03-30,00:00:00,0,Thursday,Covent Garden,Track Circuit,Clear,10,0,0,86,3351,7,0,3,Spring
2023-03-31,2023-03-31,00:00:00,0,Friday,Moorgate,Track Circuit,Clear,12,0,0,75,1198,6,0,3,Spring
2023-04-01,2023-04-01,00:00:00,0,Saturday,King's Cross,Track Circuit,Rainy,13,0,1,110,5071,9,1,4,Spring
2023-04-02,2023-04-02,00:00:00,0,Sunday,Victoria,Power Supply,Clear,2,0,1,20,333,3,0,4,Spring
2023-04-03,2023-04-03,00:00:00,0,Monday,King's Cross St Pancras,Interlocking,Clear,11,0,0,31,397,3,0,4,Spring
2023-04-04,2023-04-04,00:00:00,0,Tuesday,Moorgate,Cable/Connector,Clear,15,0,0,39,1266,5,0,4,Spring
2023-04-05,2023-04-05,00:00:00,0,Wednesday,Clapham Junction,Power Supply,Rainy,12,0,0,52,1871,4,1,4,Spring
2023-04-06,2023-04-06,00:00:00,0,Thursday,Whitechapel,Software/Electronics,Clear,19,0,0,40,523,5,0,4,Spring
2023-04-08,2023-04-08,00:00:00,0,Saturday,Borough,Track Circuit,Cloudy,9,0,1,88,1935,7,0,4,Spring
2023-04-09,2023-04-09,00:00:00,0,Sunday,Moorgate,Track Circuit,Clear,18,0,1,88,3160,8,0,4,Spring
2023-04-10,2023-04-10,00:00:00,0,Monday,Covent Garden,Track Circuit,Clear,9,0,0,82,2997,6,0,4,Spring
2023-04-11,2023-04-11,00:00:00,0,Tuesday,London Bridge,Interlocking,Clear,17,0,0,53,1024,5,0,4,Spring
2023-04-12,2023-04-12,00:00:00,0,Wednesday,Piccadilly Circus,Track Circuit,Rainy,12,0,0,41,1738,4,1,4,Spring
2023-04-13,2023-04-13,00:00:00,0,Thursday,Elephant & Castle,Interlocking,Clear,12,0,0,32,1592,4,0,4,Spring
2023-04-14,2023-04-14,00:00:00,0,Friday,St Pancras,Interlocking,Rainy,12,0,0,87,1312,8,1,4,Spring
2023-04-15,2023-04-15,00:00:00,0,Saturday,King's Cross,Power Supply,Cloudy,14,0,1,75,788,8,0,4,Spring
2023-04-16,2023-04-16,00:00:00,0,Sunday,Euston,Power Supply,Clear,9,0,1,54,970,5,0,4,Spring
2023-04-17,2023-04-17,00:00:00,0,Monday,Liverpool Street,Power Supply,Snowy,14,0,0,96,3667,8,1,4,Spring
2023-04-19,2023-04-19,00:00:00,0,Wednesday,Victoria,Track Circuit,Cloudy,10,0,0,66,860,7,0,4,Spring
2023-04-20,2023-04-20,00:00:00,0,Thursday,St Pancras,Track Circuit,Clear,11,0,0,20,604,3,0,4,Spring
2023-04-21,2023-04-21,00:00:00,0,Friday,Piccadilly Circus,Interlocking,Cloudy,21,0,0,72,3115,6,0,4,Spring
2023-04-22,2023-04-22,00:00:00,0,Saturday,Angel,Track Circuit,Clear,9,0,1,92,3784,9,0,4,Spring
2023-04-23,2023-04-23,00:00:00,0,Sunday,Covent Garden,Track Circuit,Clear,15,0,1,42,948,3,0,4,Spring
2023-04-24,2023-04-24,00:00:00,0,Monday,Southwark,Interlocking,Foggy,12,0,0,39,1447,3,0,4,Spring
2023-04-25,2023-04-25,00:00:00,0,Tuesday,Holborn,Software/Electronics,Stormy,9,0,0,43,358,5,1,4,Spring
2023-04-26,2023-04-26,00:00:00,0,Wednesday,Paddington,Interlocking,Rainy,15,0,0,68,1849,6,1,4,Spring
2023-04-27,2023-04-27,00:00:00,0,Thursday,Piccadilly Circus,Power Supply,Clear,12,0,0,30,1489,5,0,4,Spring
2023-04-28,2023-04-28,00:00:00,0,Friday,King's Cross St Pancras,Track Circuit,Cloudy,13,0,0,39,967,5,0,4,Spring
2023-04-29,2023-04-29,00:00:00,0,Saturday,Vauxhall,Software/Electronics,Rainy,8,0,1,48,1148,4,1,4,Spring
2023-04-30,2023-04-30,00:00:00,0,Sunday,Covent Garden,Software/Electronics,Clear,9,0,1,31,1184,5,0,4,Spring
2023-05-01,2023-05-01,00:00:00,0,Monday,Liverpool Street,Power Supply,Rainy,5,0,0,81,2415,7,1,5,Spring
2023-05-02,2023-05-02,00:00:00,0,Tuesday,Farringdon,Interlocking,Clear,7,0,0,56,1052,5,0,5,Spring
2023-05-04,2023-05-04,00:00:00,0,Thursday,Euston,Cable/Connector,Clear,12,0,0,21,561,3,0,5,Spring
2023-05-05,2023-05-05,00:00:00,0,Friday,Paddington,Power Supply,Cloudy,11,0,0,24,999,4,0,5,Spring
2023-05-06,2023-05-06,00:00:00,0,Saturday,King's Cross St Pancras,Track Circuit,Clear,14,0,1,20,643,4,0,5,Spring
2023-05-07,2023-05-07,00:00:00,0,Sunday,St Pancras,Power Supply,Rainy,19,0,1,35,509,5,1,5,Spring
2023-05-08,2023-05-08,00:00:00,0,Monday,Liverpool Street,Interlocking,Foggy,13,0,0,23,890,4,0,5,Spring
2023-05-09,2023-05-09,00:00:00,0,Tuesday,St Pancras,Software/Electronics,Foggy,15,0,0,36,515,4,0,5,Spring
2023-05-10,2023-05-10,00:00:00,0,Wednesday,Moorgate,Cable/Connector,Clear,11,0,0,43,1363,4,0,5,Spring
2023-05-11,2023-05-11,00:00:00,0,Thursday,Waterloo,Power Supply,Clear,7,0,0,34,1681,4,0,5,Spring
2023-05-12,2023-05-12,00:00:00,0,Friday,Piccadilly Circus,Cable/Connector,Clear,17,0,0,82,2665,6,0,5,Spring
2023-05-13,2023-05-13,00:00:00,0,Saturday,Stratford,Interlocking,Rainy,12,0,1,29,519,3,1,5,Spring
2023-05-14,2023-05-14,00:00:00,0,Sunday,Old Street,Power Supply,Clear,10,0,1,77,3080,7,0,5,Spring
2023-05-16,2023-05-16,00:00:00,0,Tuesday,Stratford,Other,Clear,13,0,0,55,968,4,0,5,Spring
2023-05-17,2023-05-17,00:00:00,0,Wednesday,Paddington,Interlocking,Clear,10,0,0,42,1229,3,0,5,Spring
2023-05-18,2023-05-18,00:00:00,0,Thursday,Liverpool Street,Interlocking,Clear,7,0,0,43,1912,4,0,5,Spring
2023-05-21,2023-05-21,00:00:00,0,Sunday,Victoria,Track Circuit,Snowy,10,0,1,112,4164,10,1,5,Spring
2023-05-22,2023-05-22,00:00:00,0,Monday,Old Street,Other,Cloudy,8,0,0,64,2157,7,0,5,Spring
2023-05-23,2023-05-23,00:00:00,0,Tuesday,Angel,Track Circuit,Stormy,4,0,0,207,2980,16,1,5,Spring
2023-05-25,2023-05-25,00:00:00,0,Thursday,King's Cross,Software/Electronics,Rainy,9,0,0,26,840,4,1,5,Spring
2023-05-27,2023-05-27,00:00:00,0,Saturday,Southwark,Software/Electronics,Clear,12,0,1,65,2227,7,0,5,Spring
2023-05-28,2023-05-28,00:00:00,0,Sunday,Paddington,Other,Cloudy,4,0,1,87,2614,8,0,5,Spring
2023-05-29,2023-05-29,00:00:00,0,Monday,Vauxhall,Other,Clear,14,0,0,39,1833,3,0,5,Spring
2023-05-30,2023-05-30,00:00:00,0,Tuesday,Clapham Junction,Software/Electronics,Clear,9,0,0,50,553,4,0,5,Spring
2023-05-31,2023-05-31,00:00:00,0,Wednesday,King's Cross St Pancras,Software/Electronics,Clear,15,0,0,41,1646,5,0,5,Spring
2023-06-01,2023-06-01,00:00:00,0,Thursday,Clapham Junction,Track Circuit,Snowy,19,0,0,93,3422,9,1,6,Summer
2023-06-02,2023-06-02,00:00:00,0,Friday,Borough,Interlocking,Clear,22,0,0,53,1303,4,0,6,Summer
2023-06-03,2023-06-03,00:00:00,0,Saturday,Elephant & Castle,Power Supply,Cloudy,19,0,1,42,1589,4,0,6,Summer
2023-06-04,2023-06-04,00:00:00,0,Sunday,St Pancras,Software/Electronics,Cloudy,12,0,1,34,1195,5,0,6,Summer
2023-06-05,2023-06-05,00:00:00,0,Monday,Whitechapel,Track Circuit,Rainy,10,0,0,87,3210,7,1,6,Summer
2023-06-06,2023-06-06,00:00:00,0,Tuesday,Covent Garden,Cable/Connector,Cloudy,14,0,0,107,2500,9,0,6,Summer
2023-06-07,2023-06-07,00:00:00,0,Wednesday,Old Street,Other,Clear,17,0,0,89,1986,8,0,6,Summer
2023-06-08,2023-06-08,00:00:00,0,Thursday,Borough,Track Circuit,Foggy,9,0,0,88,3261,6,0,6,Summer
2023-06-09,2023-06-09,00:00:00,0,Friday,Farringdon,Cable/Connector,Clear,17,0,0,98,1930,7,0,6,Summer
2023-06-11,2023-06-11,00:00:00,0,Sunday,Piccadilly Circus,Cable/Connector,Cloudy,21,0,1,89,2561,7,0,6,Summer
2023-06-12,2023-06-12,00:00:00,0,Monday,Stratford,Software/Electronics,Clear,19,0,0,49,850,5,0,6,Summer
2023-06-13,2023-06-13,00:00:00,0,Tuesday,St Pancras,Track Circuit,Rainy,20,0,0,97,3349,9,1,6,Summer
2023-06-14,2023-06-14,00:00:00,0,Wednesday,Borough,Track Circuit,Snowy,19,0,0,103,1297,8,1,6,Summer
2023-06-15,2023-06-15,00:00:00,0,Thursday,Old Street,Software/Electronics,Cloudy,15,0,0,35,840,4,0,6,Summer
2023-06-16,2023-06-16,00:00:00,0,Friday,Old Street,Track Circuit,Rainy,20,0,0,159,6664,12,1,6,Summer
2023-06-17,2023-06-17,00:00:00,0,Saturday,Moorgate,Track Circuit,Snowy,18,0,1,28,1017,4,1,6,Summer
2023-06-18,2023-06-18,00:00:00,0,Sunday,Elephant & Castle,Interlocking,Rainy,18,0,1,52,822,4,1,6,Summer
2023-06-19,2023-06-19,00:00:00,0,Monday,Stratford,Software/Electronics,Rainy,16,0,0,53,1535,6,1,6,Summer
2023-06-20,2023-06-20,00:00:00,0,Tuesday,Paddington,Cable/Connector,Cloudy,19,0,0,45,1566,5,0,6,Summer
2023-06-21,2023-06-21,00:00:00,0,Wednesday,King's Cross,Software/Electronics,Cloudy,13,0,0,29,871,4,0,6,Summer
2023-06-22,2023-06-22,00:00:00,0,Thursday,Bank,Track Circuit,Foggy,18,0,0,23,758,3,0,6,Summer
2023-06-23,2023-06-23,00:00:00,0,Friday,Farringdon,Power Supply,Cloudy,23,0,0,21,528,2,0,6,Summer
2023-06-24,2023-06-24,00:00:00,0,Saturday,King's Cross St Pancras,Track Circuit,Clear,18,0,1,29,963,4,0,6,Summer
2023-06-25,2023-06-25,00:00:00,0,Sunday,Victoria,Software/Electronics,Cloudy,20,0,1,45,1679,5,0,6,Summer
2023-06-26,2023-06-26,00:00:00,0,Monday,Liverpool Street,Interlocking,Clear,16,0,0,59,2270,4,0,6,Summer
2023-06-28,2023-06-28,00:00:00,0,Wednesday,Baker Street,Track Circuit,Rainy,21,0,0,44,830,4,1,6,Summer
2023-06-29,2023-06-29,00:00:00,0,Thursday,Moorgate,Interlocking,Clear,20,0,0,33,724,3,0,6,Summer
2023-06-30,2023-06-30,00:00:00,0,Friday,Elephant & Castle,Interlocking,Foggy,17,0,0,62,3046,5,0,6,Summer
2023-07-01,2023-07-01,00:00:00,0,Saturday,Whitechapel,Power Supply,Cloudy,14,0,1,74,1732,6,0,7,Summer
2023-07-02,2023-07-02,00:00:00,0,Sunday,London Bridge,Track Circuit,Clear,18,0,1,54,919,4,0,7,Summer
2023-07-03,2023-07-03,00:00:00,0,Monday,Elephant & Castle,Other,Rainy,17,0,0,46,1721,4,1,7,Summer
2023-07-04,2023-07-04,00:00:00,0,Tuesday,Vauxhall,Power Supply,Clear,17,0,0,48,1218,6,0,7,Summer
2023-07-05,2023-07-05,00:00:00,0,Wednesday,London Bridge,Interlocking,Cloudy,14,0,0,32,938,3,0,7,Summer
2023-07-06,2023-07-06,00:00:00,0,Thursday,Vauxhall,Track Circuit,Foggy,14,0,0,75,2028,6,0,7,Summer
2023-07-07,2023-07-07,00:00:00,0,Friday,London Bridge,Cable/Connector,Clear,24,0,0,40,967,3,0,7,Summer
2023-07-08,2023-07-08,00:00:00,0,Saturday,Waterloo,Power Supply,Rainy,17,0,1,68,2637,6,1,7,Summer
2023-07-09,2023-07-09,00:00:00,0,Sunday,Victoria,Software/Electronics,Clear,22,0,1,20,440,4,0,7,Summer
2023-07-10,2023-07-10,00:00:00,0,Monday,Euston,Track Circuit,Foggy,13,0,0,37,1600,4,0,7,Summer
2023-07-11,2023-07-11,00:00:00,0,Tuesday,Paddington,Track Circuit,Cloudy,16,0,0,86,1515,6,0,7,Summer
2023-07-13,2023-07-13,00:00:00,0,Thursday,King's Cross,Track Circuit,Foggy,20,0,0,86,1285,7,0,7,Summer
2023-07-14,2023-07-14,00:00:00,0,Friday,Bank,Interlocking,Cloudy,10,0,0,67,1544,7,0,7,Summer
2023-07-16,2023-07-16,00:00:00,0,Sunday,Paddington,Track Circuit,Cloudy,19,0,1,63,2915,7,0,7,Summer
2023-07-17,2023-07-17,00:00:00,0,Monday,Bank,Software/Electronics,Cloudy,15,0,0,23,956,3,0,7,Summer
2023-07-18,2023-07-18,00:00:00,0,Tuesday,Covent Garden,Track Circuit,Clear,19,0,0,80,2929,6,0,7,Summer
2023-07-19,2023-07-19,00:00:00,0,Wednesday,Liverpool Street,Track Circuit,Cloudy,14,0,0,24,1040,2,0,7,Summer
2023-07-20,2023-07-20,00:00:00,0,Thursday,Baker Street,Interlocking,Clear,13,0,0,69,926,5,0,7,Summer
2023-07-21,2023-07-21,00:00:00,0,Friday,Paddington,Track Circuit,Foggy,20,0,0,92,3034,9,0,7,Summer
2023-07-22,2023-07-22,00:00:00,0,Saturday,Angel,Track Circuit,Clear,19,0,1,68,3064,7,0,7,Summer
2023-07-23,2023-07-23,00:00:00,0,Sunday,Moorgate,Track Circuit,Cloudy,22,0,1,56,1624,5,0,7,Summer
2023-07-24,2023-07-24,00:00:00,0,Monday,Victoria,Power Supply,Stormy,13,0,0,64,1577,6,1,7,Summer
2023-07-25,2023-07-25,00:00:00,0,Tuesday,Whitechapel,Interlocking,Snowy,16,0,0,54,1884,5,1,7,Summer
2023-07-27,2023-07-27,00:00:00,0,Thursday,Victoria,Software/Electronics,Cloudy,15,0,0,21,336,2,0,7,Summer
2023-07-28,2023-07-28,00:00:00,0,Friday,Whitechapel,Software/Electronics,Cloudy,14,0,0,60,990,6,0,7,Summer
2023-07-29,2023-07-29,00:00:00,0,Saturday,Euston,Software/Electronics,Snowy,15,0,1,74,2580,7,1,7,Summer
2023-07-30,2023-07-30,00:00:00,0,Sunday,Borough,Cable/Connector,Rainy,17,0,1,28,1385,2,1,7,Summer
2023-07-31,2023-07-31,00:00:00,0,Monday,Victoria,Interlocking,Clear,18,0,0,95,4738,8,0,7,Summer
2023-08-02,2023-08-02,00:00:00,0,Wednesday,Covent Garden,Interlocking,Cloudy,17,0,0,31,769,5,0,8,Summer
2023-08-03,2023-08-03,00:00:00,0,Thursday,Waterloo,Cable/Connector,Cloudy,20,0,0,59,2830,6,0,8,Summer
2023-08-04,2023-08-04,00:00:00,0,Friday,Moorgate,Software/Electronics,Foggy,18,0,0,40,1108,5,0,8,Summer
2023-08-05,2023-08-05,00:00:00,0,Saturday,Whitechapel,Interlocking,Foggy,16,0,1,36,1500,5,0,8,Summer
2023-08-06,2023-08-06,00:00:00,0,Sunday,Paddington,Other,Clear,18,0,1,67,1976,6,0,8,Summer
2023-08-07,2023-08-07,00:00:00,0,Monday,Elephant & Castle,Interlocking,Foggy,21,0,0,29,1029,2,0,8,Summer
2023-08-08,2023-08-08,00:00:00,0,Tuesday,Covent Garden,Power Supply,Rainy,14,0,0,57,2258,5,1,8,Summer
2023-08-09,2023-08-09,00:00:00,0,Wednesday,Whitechapel,Cable/Connector,Cloudy,19,0,0,64,2899,7,0,8,Summer
2023-08-10,2023-08-10,00:00:00,0,Thursday,Elephant & Castle,Track Circuit,Rainy,14,0,0,79,1899,6,1,8,Summer
2023-08-11,2023-08-11,00:00:00,0,Friday,St Pancras,Track Circuit,Cloudy,16,0,0,61,2212,7,0,8,Summer
2023-08-12,2023-08-12,00:00:00,0,Saturday,Liverpool Street,Track Circuit,Foggy,19,0,1,67,1228,7,0,8,Summer
2023-08-13,2023-08-13,00:00:00,0,Sunday,London Bridge,Software/Electronics,Clear,16,0,1,56,721,4,0,8,Summer
2023-08-14,2023-08-14,00:00:00,0,Monday,Moorgate,Other,Clear,22,0,0,20,887,4,0,8,Summer
2023-08-15,2023-08-15,00:00:00,0,Tuesday,Moorgate,Cable/Connector,Foggy,19,0,0,71,2868,7,0,8,Summer
2023-08-16,2023-08-16,00:00:00,0,Wednesday,Farringdon,Track Circuit,Clear,20,0,0,47,1647,4,0,8,Summer
2023-08-17,2023-08-17,00:00:00,0,Thursday,Vauxhall,Power Supply,Cloudy,25,0,0,52,2451,5,0,8,Summer
2023-08-18,2023-08-18,00:00:00,0,Friday,King's Cross,Software/Electronics,Clear,17,0,0,48,2160,6,0,8,Summer
2023-08-20,2023-08-20,00:00:00,0,Sunday,Vauxhall,Cable/Connector,Cloudy,22,0,1,48,1537,5,0,8,Summer
2023-08-21,2023-08-21,00:00:00,0,Monday,Baker Street,Interlocking,Clear,14,0,0,23,234,4,0,8,Summer
2023-08-22,2023-08-22,00:00:00,0,Tuesday,Waterloo,Cable/Connector,Clear,20,0,0,50,1575,5,0,8,Summer
2023-08-24,2023-08-24,00:00:00,0,Thursday,Liverpool Street,Software/Electronics,Rainy,14,0,0,68,894,6,1,8,Summer
2023-08-25,2023-08-25,00:00:00,0,Friday,Whitechapel,Cable/Connector,Cloudy,13,0,0,36,648,5,0,8,Summer
2023-08-26,2023-08-26,00:00:00,0,Saturday,St Pancras,Interlocking,Cloudy,20,0,1,110,2198,10,0,8,Summer
2023-08-27,2023-08-27,00:00:00,0,Sunday,Victoria,Interlocking,Clear,14,0,1,20,679,4,0,8,Summer
2023-08-28,2023-08-28,00:00:00,0,Monday,Angel,Cable/Connector,Clear,15,0,0,35,1186,4,0,8,Summer
2023-08-29,2023-08-29,00:00:00,0,Tuesday,Paddington,Power Supply,Cloudy,22,0,0,53,1208,4,0,8,Summer
2023-08-30,2023-08-30,00:00:00,0,Wednesday,London Bridge,Software/Electronics,Rainy,14,0,0,36,1445,5,1,8,Summer
2023-09-01,2023-09-01,00:00:00,0,Friday,Southwark,Interlocking,Clear,18,0,0,51,2117,6,0,9,Autumn
2023-09-02,2023-09-02,00:00:00,0,Saturday,Clapham Junction,Power Supply,Clear,13,0,1,76,1193,8,0,9,Autumn
2023-09-03,2023-09-03,00:00:00,0,Sunday,Borough,Track Circuit,Cloudy,6,0,1,87,3020,8,0,9,Autumn
2023-09-04,2023-09-04,00:00:00,0,Monday,Bank,Track Circuit,Rainy,13,0,0,62,2434,7,1,9,Autumn
2023-09-05,2023-09-05,00:00:00,0,Tuesday,Clapham Junction,Software/Electronics,Clear,13,0,0,34,341,3,0,9,Autumn
2023-09-06,2023-09-06,00:00:00,0,Wednesday,Liverpool Street,Track Circuit,Clear,12,0,0,51,1615,6,0,9,Autumn
2023-09-09,2023-09-09,00:00:00,0,Saturday,Old Street,Software/Electronics,Foggy,9,0,1,54,2358,5,0,9,Autumn
2023-09-10,2023-09-10,00:00:00,0,Sunday,King's Cross,Track Circuit,Clear,15,0,1,91,1022,8,0,9,Autumn
2023-09-12,2023-09-12,00:00:00,0,Tuesday,Stratford,Interlocking,Cloudy,4,0,0,42,1446,3,0,9,Autumn
2023-09-13,2023-09-13,00:00:00,0,Wednesday,Stratford,Interlocking,Foggy,10,0,0,58,2246,4,0,9,Autumn
2023-09-14,2023-09-14,00:00:00,0,Thursday,Southwark,Other,Cloudy,7,0,0,81,1891,7,0,9,Autumn
2023-09-15,2023-09-15,00:00:00,0,Friday,Moorgate,Interlocking,Snowy,9,0,0,62,2924,6,1,9,Autumn
2023-09-16,2023-09-16,00:00:00,0,Saturday,Farringdon,Interlocking,Clear,12,0,1,49,776,5,0,9,Autumn
2023-09-18,2023-09-18,00:00:00,0,Monday,Baker Street,Power Supply,Clear,17,0,0,40,892,3,0,9,Autumn
2023-09-19,2023-09-19,00:00:00,0,Tuesday,Old Street,Track Circuit,Cloudy,13,0,0,100,1823,9,0,9,Autumn
2023-09-20,2023-09-20,00:00:00,0,Wednesday,Stratford,Power Supply,Clear,10,0,0,32,818,4,0,9,Autumn
2023-09-21,2023-09-21,00:00:00,0,Thursday,London Bridge,Track Circuit,Clear,5,0,0,97,1642,7,0,9,Autumn
2023-09-22,2023-09-22,00:00:00,0,Friday,Euston,Software/Electronics,Cloudy,5,0,0,27,233,3,0,9,Autumn
2023-09-23,2023-09-23,00:00:00,0,Saturday,Baker Street,Power Supply,Clear,6,0,1,29,1370,2,0,9,Autumn
2023-09-26,2023-09-26,00:00:00,0,Tuesday,London Bridge,Power Supply,Rainy,14,0,0,26,271,3,1,9,Autumn
2023-09-27,2023-09-27,00:00:00,0,Wednesday,Vauxhall,Software/Electronics,Clear,8,0,0,20,286,4,0,9,Autumn
2023-09-29,2023-09-29,00:00:00,0,Friday,Borough,Other,Clear,12,0,0,20,339,3,0,9,Autumn
2023-09-30,2023-09-30,00:00:00,0,Saturday,Southwark,Interlocking,Stormy,12,0,1,30,995,3,1,9,Autumn
2023-10-01,2023-10-01,00:00:00,0,Sunday,Bank,Interlocking,Clear,9,0,1,20,425,4,0,10,Autumn
2023-10-02,2023-10-02,00:00:00,0,Monday,Bank,Interlocking,Rainy,20,0,0,84,3798,7,1,10,Autumn
2023-10-03,2023-10-03,00:00:00,0,Tuesday,Moorgate,Other,Cloudy,12,0,0,54,1304,5,0,10,Autumn
2023-10-04,2023-10-04,00:00:00,0,Wednesday,Liverpool Street,Power Supply,Cloudy,8,0,0,44,1215,5,0,10,Autumn
2023-10-05,2023-10-05,00:00:00,0,Thursday,Elephant & Castle,Track Circuit,Rainy,18,0,0,109,2259,8,1,10,Autumn
2023-10-06,2023-10-06,00:00:00,0,Friday,Elephant & Castle,Interlocking,Clear,7,0,0,41,902,5,0,10,Autumn
2023-10-07,2023-10-07,00:00:00,0,Saturday,Clapham Junction,Cable/Connector,Rainy,13,0,1,57,2197,6,1,10,Autumn
2023-10-09,2023-10-09,00:00:00,0,Monday,Piccadilly Circus,Power Supply,Clear,9,0,0,42,560,4,0,10,Autumn
2023-10-10,2023-10-10,00:00:00,0,Tuesday,Victoria,Power Supply,Clear,11,0,0,51,2204,4,0,10,Autumn
2023-10-11,2023-10-11,00:00:00,0,Wednesday,Southwark,Track Circuit,Rainy,11,0,0,76,2886,8,1,10,Autumn
2023-10-12,2023-10-12,00:00:00,0,Thursday,Piccadilly Circus,Software/Electronics,Foggy,10,0,0,23,1121,3,0,10,Autumn
2023-10-13,2023-10-13,00:00:00,0,Friday,Borough,Software/Electronics,Clear,17,0,0,61,2972,7,0,10,Autumn
2023-10-14,2023-10-14,00:00:00,0,Saturday,King's Cross St Pancras,Power Supply,Rainy,7,0,1,66,715,6,1,10,Autumn
2023-10-15,2023-10-15,00:00:00,0,Sunday,Clapham Junction,Track Circuit,Foggy,11,0,1,65,2046,7,0,10,Autumn
2023-10-16,2023-10-16,00:00:00,0,Monday,Borough,Track Circuit,Clear,9,0,0,57,1745,5,0,10,Autumn
2023-10-17,2023-10-17,00:00:00,0,Tuesday,Borough,Power Supply,Cloudy,7,0,0,21,651,2,0,10,Autumn
2023-10-18,2023-10-18,00:00:00,0,Wednesday,Angel,Software/Electronics,Rainy,14,0,0,46,2249,5,1,10,Autumn
2023-10-19,2023-10-19,00:00:00,0,Thursday,Covent Garden,Power Supply,Rainy,18,0,0,55,1090,5,1,10,Autumn
2023-10-20,2023-10-20,00:00:00,0,Friday,Baker Street,Software/Electronics,Cloudy,9,0,0,45,595,6,0,10,Autumn
2023-10-21,2023-10-21,00:00:00,0,Saturday,King's Cross,Track Circuit,Clear,14,0,1,69,1227,5,0,10,Autumn
2023-10-23,2023-10-23,00:00:00,0,Monday,St Pancras,Software/Electronics,Cloudy,15,0,0,40,827,5,0,10,Autumn
2023-10-24,2023-10-24,00:00:00,0,Tuesday,Vauxhall,Interlocking,Cloudy,12,0,0,60,2639,6,0,10,Autumn
2023-10-25,2023-10-25,00:00:00,0,Wednesday,Moorgate,Interlocking,Cloudy,17,0,0,58,1670,6,0,10,Autumn
2023-10-26,2023-10-26,00:00:00,0,Thursday,St Pancras,Track Circuit,Cloudy,9,0,0,61,1344,5,0,10,Autumn
2023-10-27,2023-10-27,00:00:00,0,Friday,Waterloo,Software/Electronics,Clear,11,0,0,46,1429,4,0,10,Autumn
2023-10-28,2023-10-28,00:00:00,0,Saturday,Covent Garden,Track Circuit,Clear,7,0,1,76,3610,8,0,10,Autumn
2023-10-30,2023-10-30,00:00:00,0,Monday,Borough,Power Supply,Clear,7,0,0,20,943,2,0,10,Autumn
2023-11-01,2023-11-01,00:00:00,0,Wednesday,Paddington,Interlocking,Cloudy,6,0,0,21,909,2,0,11,Autumn
2023-11-02,2023-11-02,00:00:00,0,Thursday,Whitechapel,Cable/Connector,Rainy,9,0,0,84,2899,8,1,11,Autumn
2023-11-03,2023-11-03,00:00:00,0,Friday,London Bridge,Power Supply,Clear,8,0,0,21,607,3,0,11,Autumn
2023-11-04,2023-11-04,00:00:00,0,Saturday,Vauxhall,Cable/Connector,Clear,16,0,1,38,1882,5,0,11,Autumn
2023-11-05,2023-11-05,00:00:00,0,Sunday,King's Cross,Cable/Connector,Rainy,12,0,1,70,3454,7,1,11,Autumn
2023-11-06,2023-11-06,00:00:00,0,Monday,Paddington,Interlocking,Cloudy,8,0,0,58,960,6,0,11,Autumn
2023-11-07,2023-11-07,00:00:00,0,Tuesday,Borough,Interlocking,Cloudy,13,0,0,63,1033,6,0,11,Autumn
2023-11-08,2023-11-08,00:00:00,0,Wednesday,London Bridge,Software/Electronics,Cloudy,13,0,0,31,1122,4,0,11,Autumn
2023-11-09,2023-11-09,00:00:00,0,Thursday,Old Street,Power Supply,Cloudy,10,0,0,35,1605,3,0,11,Autumn
2023-11-10,2023-11-10,00:00:00,0,Friday,Holborn,Track Circuit,Clear,7,0,0,33,501,3,0,11,Autumn
2023-11-11,2023-11-11,00:00:00,0,Saturday,Moorgate,Power Supply,Stormy,9,0,1,103,889,8,1,11,Autumn
2023-11-13,2023-11-13,00:00:00,0,Monday,Vauxhall,Power Supply,Cloudy,14,0,0,25,782,3,0,11,Autumn
2023-11-14,2023-11-14,00:00:00,0,Tuesday,Euston,Interlocking,Foggy,20,0,0,66,774,6,0,11,Autumn
2023-11-15,2023-11-15,00:00:00,0,Wednesday,Whitechapel,Power Supply,Cloudy,14,0,0,38,858,3,0,11,Autumn
2023-11-16,2023-11-16,00:00:00,0,Thursday,Waterloo,Power Supply,Clear,11,0,0,57,1453,6,0,11,Autumn
2023-11-17,2023-11-17,00:00:00,0,Friday,Clapham Junction,Software/Electronics,Snowy,17,0,0,60,2718,6,1,11,Autumn
2023-11-18,2023-11-18,00:00:00,0,Saturday,Moorgate,Track Circuit,Cloudy,15,0,1,126,6222,10,0,11,Autumn
2023-11-19,2023-11-19,00:00:00,0,Sunday,Farringdon,Software/Electronics,Foggy,16,0,1,55,2151,4,0,11,Autumn
2023-11-20,2023-11-20,00:00:00,0,Monday,Baker Street,Software/Electronics,Rainy,16,0,0,44,1262,4,1,11,Autumn
2023-11-21,2023-11-21,00:00:00,0,Tuesday,King's Cross St Pancras,Interlocking,Clear,11,0,0,24,416,3,0,11,Autumn
2023-11-22,2023-11-22,00:00:00,0,Wednesday,Stratford,Power Supply,Clear,9,0,0,22,1001,4,0,11,Autumn
2023-11-23,2023-11-23,00:00:00,0,Thursday,Piccadilly Circus,Software/Electronics,Rainy,12,0,0,52,503,6,1,11,Autumn
2023-11-24,2023-11-24,00:00:00,0,Friday,Bank,Interlocking,Rainy,14,0,0,26,1028,2,1,11,Autumn
2023-11-26,2023-11-26,00:00:00,0,Sunday,Victoria,Track Circuit,Rainy,15,0,1,137,2609,10,1,11,Autumn
2023-11-27,2023-11-27,00:00:00,0,Monday,Liverpool Street,Interlocking,Rainy,15,0,0,100,2328,8,1,11,Autumn
2023-11-28,2023-11-28,00:00:00,0,Tuesday,Clapham Junction,Power Supply,Cloudy,18,0,0,47,1923,6,0,11,Autumn
2023-11-29,2023-11-29,00:00:00,0,Wednesday,Borough,Software/Electronics,Cloudy,15,0,0,47,1569,4,0,11,Autumn
2023-11-30,2023-11-30,00:00:00,0,Thursday,St Pancras,Interlocking,Clear,18,0,0,71,1280,6,0,11,Autumn
2023-12-01,2023-12-01,00:00:00,0,Friday,St Pancras,Power Supply,Clear,3,0,0,20,496,3,0,12,Winter
2023-12-02,2023-12-02,00:00:00,0,Saturday,King's Cross St Pancras,Power Supply,Rainy,8,0,1,55,1826,4,1,12,Winter
2023-12-03,2023-12-03,00:00:00,0,Sunday,Farringdon,Software/Electronics,Clear,2,0,1,59,1096,6,0,12,Winter
2023-12-04,2023-12-04,00:00:00,0,Monday,Piccadilly Circus,Track Circuit,Clear,0,0,0,48,919,5,0,12,Winter
2023-12-05,2023-12-05,00:00:00,0,Tuesday,Clapham Junction,Interlocking,Clear,3,0,0,50,2452,6,0,12,Winter
2023-12-06,2023-12-06,00:00:00,0,Wednesday,King's Cross St Pancras,Interlocking,Cloudy,7,0,0,44,1913,5,0,12,Winter
2023-12-07,2023-12-07,00:00:00,0,Thursday,Euston,Power Supply,Clear,7,0,0,43,1183,3,0,12,Winter
2023-12-08,2023-12-08,00:00:00,0,Friday,London Bridge,Interlocking,Rainy,3,0,0,26,616,4,1,12,Winter
2023-12-10,2023-12-10,00:00:00,0,Sunday,Whitechapel,Power Supply,Clear,7,0,1,60,2935,5,0,12,Winter
2023-12-11,2023-12-11,00:00:00,0,Monday,Stratford,Interlocking,Stormy,7,0,0,91,4378,7,1,12,Winter
2023-12-12,2023-12-12,00:00:00,0,Tuesday,Whitechapel,Interlocking,Cloudy,-1,0,0,55,2142,5,0,12,Winter
2023-12-13,2023-12-13,00:00:00,0,Wednesday,Waterloo,Power Supply,Clear,3,0,0,53,532,5,0,12,Winter
2023-12-14,2023-12-14,00:00:00,0,Thursday,Farringdon,Power Supply,Clear,7,0,0,54,1252,6,0,12,Winter
2023-12-15,2023-12-15,00:00:00,0,Friday,London Bridge,Track Circuit,Clear,7,0,0,82,2697,7,0,12,Winter
2023-12-16,2023-12-16,00:00:00,0,Saturday,Farringdon,Other,Clear,2,0,1,52,2083,4,0,12,Winter
2023-12-17,2023-12-17,00:00:00,0,Sunday,Covent Garden,Other,Foggy,9,0,1,52,2206,4,0,12,Winter
2023-12-18,2023-12-18,00:00:00,0,Monday,Liverpool Street,Track Circuit,Clear,6,0,0,67,2736,6,0,12,Winter
2023-12-19,2023-12-19,00:00:00,0,Tuesday,Vauxhall,Track Circuit,Cloudy,-1,0,0,21,293,4,0,12,Winter
2023-12-20,2023-12-20,00:00:00,0,Wednesday,Angel,Power Supply,Stormy,11,0,0,48,2096,5,1,12,Winter
2023-12-21,2023-12-21,00:00:00,0,Thursday,Moorgate,Track Circuit,Cloudy,5,0,0,95,1820,8,0,12,Winter
2023-12-22,2023-12-22,00:00:00,0,Friday,Old Street,Cable/Connector,Clear,5,0,0,20,728,3,0,12,Winter
2023-12-23,2023-12-23,00:00:00,0,Saturday,Holborn,Other,Cloudy,8,0,1,76,3095,6,0,12,Winter
2023-12-24,2023-12-24,00:00:00,0,Sunday,Paddington,Interlocking,Snowy,9,0,1,47,1758,5,1,12,Winter
2023-12-25,2023-12-25,00:00:00,0,Monday,Euston,Track Circuit,Foggy,5,0,0,50,891,4,0,12,Winter
2023-12-26,2023-12-26,00:00:00,0,Tuesday,Borough,Power Supply,Cloudy,3,0,0,26,1187,3,0,12,Winter
2023-12-27,2023-12-27,00:00:00,0,Wednesday,St Pancras,Track Circuit,Rainy,2,0,0,154,1519,13,1,12,Winter
2023-12-28,2023-12-28,00:00:00,0,Thursday,London Bridge,Cable/Connector,Clear,0,0,0,45,1364,4,0,12,Winter
2023-12-29,2023-12-29,00:00:00,0,Friday,Old Street,Software/Electronics,Snowy,17,0,0,28,754,4,1,12,Winter
2023-12-30,2023-12-30,00:00:00,0,Saturday,Euston,Cable/Connector,Cloudy,9,0,1,64,2250,7,0,12,Winter
2023-12-31,2023-12-31,00:00:00,0,Sunday,Clapham Junction,Power Supply,Clear,4,0,1,23,436,2,0,12,Winter
2024-01-01,2024-01-01,00:00:00,0,Monday,Elephant & Castle,Power Supply,Clear,11,0,0,56,1376,6,0,1,Winter
2024-01-02,2024-01-02,00:00:00,0,Tuesday,King's Cross,Cable/Connector,Foggy,1,0,0,74,3249,5,0,1,Winter
2024-01-03,2024-01-03,00:00:00,0,Wednesday,Moorgate,Cable/Connector,Clear,2,0,0,34,546,3,0,1,Winter
2024-01-04,2024-01-04,00:00:00,0,Thursday,Piccadilly Circus,Power Supply,Stormy,4,0,0,94,4563,7,1,1,Winter
2024-01-05,2024-01-05,00:00:00,0,Friday,Clapham Junction,Track Circuit,Clear,2,0,0,53,2180,5,0,1,Winter
2024-01-06,2024-01-06,00:00:00,0,Saturday,King's Cross St Pancras,Interlocking,Clear,4,0,1,28,655,2,0,1,Winter
2024-01-07,2024-01-07,00:00:00,0,Sunday,London Bridge,Track Circuit,Cloudy,5,0,1,73,3090,7,0,1,Winter
2024-01-08,2024-01-08,00:00:00,0,Monday,Piccadilly Circus,Other,Cloudy,2,0,0,85,862,6,0,1,Winter
2024-01-09,2024-01-09,00:00:00,0,Tuesday,Baker Street,Power Supply,Clear,0,0,0,20,512,2,0,1,Winter
2024-01-10,2024-01-10,00:00:00,0,Wednesday,Euston,Track Circuit,Clear,6,0,0,48,1986,6,0,1,Winter
2024-01-11,2024-01-11,00:00:00,0,Thursday,Baker Street,Track Circuit,Stormy,3,0,0,67,591,5,1,1,Winter
2024-01-13,2024-01-13,00:00:00,0,Saturday,Euston,Track Circuit,Cloudy,6,0,1,51,837,5,0,1,Winter
2024-01-14,2024-01-14,00:00:00,0,Sunday,Covent Garden,Software/Electronics,Clear,4,0,1,36,894,5,0,1,Winter
2024-01-15,2024-01-15,00:00:00,0,Monday,Liverpool Street,Interlocking,Rainy,0,0,0,29,779,4,1,1,Winter
2024-01-16,2024-01-16,00:00:00,0,Tuesday,Euston,Power Supply,Rainy,6,0,0,63,1883,5,1,1,Winter
2024-01-17,2024-01-17,00:00:00,0,Wednesday,Holborn,Track Circuit,Clear,6,0,0,105,943,10,0,1,Winter
2024-01-18,2024-01-18,00:00:00,0,Thursday,Paddington,Interlocking,Clear,4,0,0,87,1371,6,0,1,Winter
2024-01-19,2024-01-19,00:00:00,0,Friday,St Pancras,Power Supply,Rainy,6,0,0,29,264,4,1,1,Winter
2024-01-20,2024-01-20,00:00:00,0,Saturday,Angel,Interlocking,Clear,3,0,1,84,3404,8,0,1,Winter
2024-01-21,2024-01-21,00:00:00,0,Sunday,Southwark,Cable/Connector,Rainy,5,0,1,120,5470,11,1,1,Winter
2024-01-23,2024-01-23,00:00:00,0,Tuesday,King's Cross,Interlocking,Cloudy,-1,0,0,54,1975,4,0,1,Winter
2024-01-24,2024-01-24,00:00:00,0,Wednesday,Liverpool Street,Track Circuit,Clear,5,0,0,53,1743,4,0,1,Winter
2024-01-25,2024-01-25,00:00:00,0,Thursday,Euston,Track Circuit,Clear,8,0,0,43,2127,5,0,1,Winter
2024-01-26,2024-01-26,00:00:00,0,Friday,Baker Street,Other,Cloudy,1,0,0,46,679,6,0,1,Winter
2024-01-27,2024-01-27,00:00:00,0,Saturday,Stratford,Cable/Connector,Clear,11,0,1,62,833,7,0,1,Winter
2024-01-29,2024-01-29,00:00:00,0,Monday,Elephant & Castle,Power Supply,Clear,3,0,0,48,705,6,0,1,Winter
2024-01-30,2024-01-30,00:00:00,0,Tuesday,Euston,Track Circuit,Clear,6,0,0,68,878,5,0,1,Winter
2024-01-31,2024-01-31,00:00:00,0,Wednesday,Bank,Interlocking,Clear,-1,0,0,54,2246,6,0,1,Winter
2024-02-01,2024-02-01,00:00:00,0,Thursday,Farringdon,Track Circuit,Cloudy,2,0,0,32,871,4,0,2,Winter
2024-02-02,2024-02-02,00:00:00,0,Friday,Euston,Cable/Connector,Cloudy,4,0,0,93,2148,8,0,2,Winter
2024-02-03,2024-02-03,00:00:00,0,Saturday,Bank,Interlocking,Cloudy,10,0,1,32,862,3,0,2,Winter
2024-02-04,2024-02-04,00:00:00,0,Sunday,St Pancras,Interlocking,Rainy,7,0,1,26,278,3,1,2,Winter
2024-02-05,2024-02-05,00:00:00,0,Monday,Piccadilly Circus,Cable/Connector,Cloudy,5,0,0,34,1255,4,0,2,Winter
2024-02-06,2024-02-06,00:00:00,0,Tuesday,Liverpool Street,Track Circuit,Foggy,8,0,0,90,2682,9,0,2,Winter
2024-02-07,2024-02-07,00:00:00,0,Wednesday,King's Cross,Track Circuit,Cloudy,5,0,0,66,628,5,0,2,Winter
2024-02-08,2024-02-08,00:00:00,0,Thursday,Borough,Cable/Connector,Rainy,6,0,0,26,598,3,1,2,Winter
2024-02-09,2024-02-09,00:00:00,0,Friday,Bank,Software/Electronics,Clear,8,0,0,24,492,3,0,2,Winter
2024-02-10,2024-02-10,00:00:00,0,Saturday,Stratford,Cable/Connector,Rainy,7,0,1,58,1075,5,1,2,Winter
2024-02-11,2024-02-11,00:00:00,0,Sunday,Covent Garden,Track Circuit,Rainy,5,0,1,137,1657,10,1,2,Winter
2024-02-12,2024-02-12,00:00:00,0,Monday,Southwark,Interlocking,Clear,0,0,0,20,201,4,0,2,Winter
2024-02-13,2024-02-13,00:00:00,0,Tuesday,Southwark,Cable/Connector,Clear,8,0,0,89,2300,8,0,2,Winter
2024-02-14,2024-02-14,00:00:00,0,Wednesday,London Bridge,Software/Electronics,Snowy,7,0,0,54,2451,5,1,2,Winter
2024-02-15,2024-02-15,00:00:00,0,Thursday,Paddington,Track Circuit,Snowy,10,0,0,120,4034,10,1,2,Winter
2024-02-16,2024-02-16,00:00:00,0,Friday,Moorgate,Software/Electronics,Clear,1,0,0,28,604,4,0,2,Winter
2024-02-17,2024-02-17,00:00:00,0,Saturday,Victoria,Track Circuit,Clear,0,0,1,45,1066,5,0,2,Winter
2024-02-18,2024-02-18,00:00:00,0,Sunday,Whitechapel,Track Circuit,Clear,6,0,1,27,466,3,0,2,Winter
2024-02-19,2024-02-19,00:00:00,0,Monday,Victoria,Cable/Connector,Clear,7,0,0,56,607,5,0,2,Winter
2024-02-20,2024-02-20,00:00:00,0,Tuesday,Borough,Software/Electronics,Rainy,0,0,0,57,2099,4,1,2,Winter
2024-02-23,2024-02-23,00:00:00,0,Friday,Paddington,Interlocking,Foggy,0,0,0,83,868,6,0,2,Winter
2024-02-24,2024-02-24,00:00:00,0,Saturday,King's Cross,Interlocking,Rainy,7,0,1,62,1396,6,1,2,Winter
2024-02-26,2024-02-26,00:00:00,0,Monday,Vauxhall,Software/Electronics,Clear,11,0,0,38,1799,5,0,2,Winter
2024-02-27,2024-02-27,00:00:00,0,Tuesday,Elephant & Castle,Power Supply,Snowy,2,0,0,67,1656,5,1,2,Winter
2024-02-29,2024-02-29,00:00:00,0,Thursday,Clapham Junction,Track Circuit,Cloudy,7,0,0,53,1612,5,0,2,Winter
2024-03-01,2024-03-01,00:00:00,0,Friday,Holborn,Track Circuit,Cloudy,12,0,0,121,5414,11,0,3,Spring
2024-03-02,2024-03-02,00:00:00,0,Saturday,Southwark,Track Circuit,Clear,14,0,1,74,3147,5,0,3,Spring
2024-03-03,2024-03-03,00:00:00,0,Sunday,Old Street,Track Circuit,Clear,11,0,1,38,867,3,0,3,Spring
2024-03-04,2024-03-04,00:00:00,0,Monday,Bank,Track Circuit,Clear,14,0,0,105,3890,10,0,3,Spring
2024-03-05,2024-03-05,00:00:00,0,Tuesday,Borough,Power Supply,Foggy,10,0,0,55,1274,5,0,3,Spring
2024-03-06,2024-03-06,00:00:00,0,Wednesday,Piccadilly Circus,Software/Electronics,Cloudy,5,0,0,29,534,3,0,3,Spring
2024-03-07,2024-03-07,00:00:00,0,Thursday,Waterloo,Track Circuit,Snowy,8,0,0,28,826,2,1,3,Spring
2024-03-08,2024-03-08,00:00:00,0,Friday,Vauxhall,Track Circuit,Clear,12,0,0,20,712,4,0,3,Spring
2024-03-09,2024-03-09,00:00:00,0,Saturday,Borough,Power Supply,Clear,16,0,1,20,301,2,0,3,Spring
2024-03-11,2024-03-11,00:00:00,0,Monday,Stratford,Software/Electronics,Clear,12,0,0,37,1423,5,0,3,Spring
2024-03-12,2024-03-12,00:00:00,0,Tuesday,London Bridge,Track Circuit,Clear,8,0,0,57,1034,4,0,3,Spring
2024-03-13,2024-03-13,00:00:00,0,Wednesday,King's Cross,Cable/Connector,Cloudy,10,0,0,44,846,4,0,3,Spring
2024-03-14,2024-03-14,00:00:00,0,Thursday,Bank,Software/Electronics,Clear,10,0,0,20,527,4,0,3,Spring
2024-03-15,2024-03-15,00:00:00,0,Friday,Euston,Track Circuit,Snowy,19,0,0,98,4202,9,1,3,Spring
2024-03-16,2024-03-16,00:00:00,0,Saturday,Bank,Cable/Connector,Clear,7,0,1,69,1440,6,0,3,Spring
2024-03-19,2024-03-19,00:00:00,0,Tuesday,Farringdon,Other,Cloudy,12,0,0,46,2247,4,0,3,Spring
2024-03-20,2024-03-20,00:00:00,0,Wednesday,Victoria,Track Circuit,Cloudy,17,0,0,94,3821,8,0,3,Spring
2024-03-21,2024-03-21,00:00:00,0,Thursday,Paddington,Power Supply,Cloudy,13,0,0,50,1533,5,0,3,Spring
2024-03-22,2024-03-22,00:00:00,0,Friday,Angel,Interlocking,Foggy,14,0,0,49,1348,5,0,3,Spring
2024-03-23,2024-03-23,00:00:00,0,Saturday,Old Street,Power Supply,Clear,10,0,1,20,228,3,0,3,Spring
2024-03-24,2024-03-24,00:00:00,0,Sunday,London Bridge,Track Circuit,Foggy,9,0,1,52,2412,4,0,3,Spring
2024-03-25,2024-03-25,00:00:00,0,Monday,Vauxhall,Software/Electronics,Clear,7,0,0,21,511,2,0,3,Spring
2024-03-26,2024-03-26,00:00:00,0,Tuesday,Holborn,Cable/Connector,Snowy,14,0,0,77,2542,8,1,3,Spring
2024-03-27,2024-03-27,00:00:00,0,Wednesday,Stratford,Track Circuit,Clear,17,0,0,45,502,5,0,3,Spring
2024-03-28,2024-03-28,00:00:00,0,Thursday,Farringdon,Cable/Connector,Rainy,10,0,0,52,2212,5,1,3,Spring
2024-03-29,2024-03-29,00:00:00,0,Friday,Liverpool Street,Track Circuit,Rainy,1,0,0,169,6376,13,1,3,Spring
2024-03-30,2024-03-30,00:00:00,0,Saturday,Moorgate,Cable/Connector,Clear,15,0,1,53,1157,5,0,3,Spring
2024-03-31,2024-03-31,00:00:00,0,Sunday,Old Street,Other,Snowy,9,0,1,140,6913,12,1,3,Spring
2024-04-01,2024-04-01,00:00:00,0,Monday,Baker Street,Power Supply,Rainy,14,0,0,48,1922,6,1,4,Spring
2024-04-02,2024-04-02,00:00:00,0,Tuesday,St Pancras,Power Supply,Cloudy,6,0,0,37,1266,5,0,4,Spring
2024-04-03,2024-04-03,00:00:00,0,Wednesday,Victoria,Track Circuit,Snowy,7,0,0,102,2706,7,1,4,Spring
2024-04-04,2024-04-04,00:00:00,0,Thursday,Victoria,Track Circuit,Cloudy,10,0,0,26,1263,3,0,4,Spring
2024-04-05,2024-04-05,00:00:00,0,Friday,London Bridge,Interlocking,Rainy,16,0,0,88,1620,7,1,4,Spring
2024-04-06,2024-04-06,00:00:00,0,Saturday,Farringdon,Track Circuit,Clear,18,0,1,91,3489,8,0,4,Spring
2024-04-07,2024-04-07,00:00:00,0,Sunday,Old Street,Track Circuit,Clear,9,0,1,48,1679,4,0,4,Spring
2024-04-08,2024-04-08,00:00:00,0,Monday,Stratford,Track Circuit,Clear,11,0,0,55,900,6,0,4,Spring
2024-04-09,2024-04-09,00:00:00,0,Tuesday,Moorgate,Track Circuit,Cloudy,11,0,0,59,565,5,0,4,Spring
2024-04-10,2024-04-10,00:00:00,0,Wednesday,Moorgate,Interlocking,Cloudy,17,0,0,110,4801,8,0,4,Spring
2024-04-13,2024-04-13,00:00:00,0,Saturday,King's Cross,Cable/Connector,Clear,12,0,1,34,1450,3,0,4,Spring
2024-04-14,2024-04-14,00:00:00,0,Sunday,Paddington,Interlocking,Clear,7,0,1,27,1047,4,0,4,Spring
2024-04-15,2024-04-15,00:00:00,0,Monday,Southwark,Software/Electronics,Snowy,8,0,0,46,1827,5,1,4,Spring
2024-04-16,2024-04-16,00:00:00,0,Tuesday,Moorgate,Power Supply,Clear,7,0,0,21,557,3,0,4,Spring
2024-04-17,2024-04-17,00:00:00,0,Wednesday,Paddington,Track Circuit,Cloudy,9,0,0,21,254,4,0,4,Spring
2024-04-18,2024-04-18,00:00:00,0,Thursday,Moorgate,Power Supply,Cloudy,9,0,0,27,1220,2,0,4,Spring
2024-04-19,2024-04-19,00:00:00,0,Friday,Southwark,Software/Electronics,Clear,9,0,0,28,787,4,0,4,Spring
2024-04-20,2024-04-20,00:00:00,0,Saturday,Southwark,Interlocking,Clear,10,0,1,54,489,4,0,4,Spring
2024-04-21,2024-04-21,00:00:00,0,Sunday,Vauxhall,Track Circuit,Rainy,7,0,1,27,850,4,1,4,Spring
2024-04-22,2024-04-22,00:00:00,0,Monday,Angel,Track Circuit,Clear,9,0,0,20,928,3,0,4,Spring
2024-04-23,2024-04-23,00:00:00,0,Tuesday,Holborn,Software/Electronics,Clear,12,0,0,20,471,3,0,4,Spring
2024-04-24,2024-04-24,00:00:00,0,Wednesday,Moorgate,Power Supply,Cloudy,0,0,0,46,827,6,0,4,Spring
2024-04-25,2024-04-25,00:00:00,0,Thursday,Farringdon,Other,Rainy,19,0,0,105,2996,9,1,4,Spring
2024-04-26,2024-04-26,00:00:00,0,Friday,King's Cross St Pancras,Power Supply,Stormy,17,0,0,48,1328,6,1,4,Spring
2024-04-27,2024-04-27,00:00:00,0,Saturday,Piccadilly Circus,Interlocking,Clear,12,0,1,73,3613,6,0,4,Spring
2024-04-28,2024-04-28,00:00:00,0,Sunday,Waterloo,Cable/Connector,Rainy,17,0,1,71,3018,6,1,4,Spring
2024-04-29,2024-04-29,00:00:00,0,Monday,Southwark,Power Supply,Cloudy,5,0,0,37,1153,5,0,4,Spring
2024-04-30,2024-04-30,00:00:00,0,Tuesday,Victoria,Track Circuit,Rainy,14,0,0,102,3639,8,1,4,Spring
2024-05-01,2024-05-01,00:00:00,0,Wednesday,Holborn,Cable/Connector,Clear,13,0,0,72,613,6,0,5,Spring
2024-05-02,2024-05-02,00:00:00,0,Thursday,Angel,Track Circuit,Foggy,10,0,0,33,890,5,0,5,Spring
2024-05-03,2024-05-03,00:00:00,0,Friday,Euston,Track Circuit,Rainy,6,0,0,101,3171,7,1,5,Spring
2024-05-04,2024-05-04,00:00:00,0,Saturday,Covent Garden,Power Supply,Clear,14,0,1,20,228,3,0,5,Spring
2024-05-05,2024-05-05,00:00:00,0,Sunday,Baker Street,Software/Electronics,Clear,16,0,1,22,732,4,0,5,Spring
2024-05-06,2024-05-06,00:00:00,0,Monday,Old Street,Power Supply,Cloudy,13,0,0,66,2432,7,0,5,Spring
2024-05-07,2024-05-07,00:00:00,0,Tuesday,Holborn,Track Circuit,Cloudy,3,0,0,108,4566,8,0,5,Spring
2024-05-08,2024-05-08,00:00:00,0,Wednesday,Angel,Track Circuit,Rainy,15,0,0,84,3740,6,1,5,Spring
2024-05-09,2024-05-09,00:00:00,0,Thursday,Holborn,Track Circuit,Clear,12,0,0,96,3601,8,0,5,Spring
2024-05-10,2024-05-10,00:00:00,0,Friday,Clapham Junction,Track Circuit,Foggy,10,0,0,31,276,5,0,5,Spring
2024-05-11,2024-05-11,00:00:00,0,Saturday,Euston,Other,Rainy,15,0,1,26,287,4,1,5,Spring
2024-05-12,2024-05-12,00:00:00,0,Sunday,Covent Garden,Power Supply,Cloudy,8,0,1,58,1858,5,0,5,Spring
2024-05-13,2024-05-13,00:00:00,0,Monday,Paddington,Track Circuit,Rainy,18,0,0,124,5195,11,1,5,Spring
2024-05-14,2024-05-14,00:00:00,0,Tuesday,Whitechapel,Track Circuit,Rainy,0,0,0,74,3275,5,1,5,Spring
2024-05-15,2024-05-15,00:00:00,0,Wednesday,Holborn,Cable/Connector,Cloudy,7,0,0,25,225,4,0,5,Spring
2024-05-16,2024-05-16,00:00:00,0,Thursday,Victoria,Track Circuit,Rainy,8,0,0,27,1231,2,1,5,Spring
2024-05-18,2024-05-18,00:00:00,0,Saturday,Waterloo,Interlocking,Foggy,14,0,1,52,715,5,0,5,Spring
2024-05-19,2024-05-19,00:00:00,0,Sunday,Southwark,Software/Electronics,Clear,6,0,1,26,494,3,0,5,Spring
2024-05-20,2024-05-20,00:00:00,0,Monday,Paddington,Track Circuit,Clear,2,0,0,102,3830,8,0,5,Spring
2024-05-21,2024-05-21,00:00:00,0,Tuesday,King's Cross St Pancras,Track Circuit,Foggy,10,0,0,23,240,2,0,5,Spring
2024-05-22,2024-05-22,00:00:00,0,Wednesday,Elephant & Castle,Interlocking,Rainy,16,0,0,26,1160,4,1,5,Spring
2024-05-23,2024-05-23,00:00:00,0,Thursday,Old Street,Software/Electronics,Rainy,8,0,0,48,620,6,1,5,Spring
2024-05-24,2024-05-24,00:00:00,0,Friday,Bank,Software/Electronics,Foggy,11,0,0,70,781,7,0,5,Spring
2024-05-25,2024-05-25,00:00:00,0,Saturday,Angel,Track Circuit,Clear,5,0,1,46,1895,4,0,5,Spring
2024-05-26,2024-05-26,00:00:00,0,Sunday,King's Cross St Pancras,Software/Electronics,Clear,5,0,1,39,882,3,0,5,Spring
2024-05-27,2024-05-27,00:00:00,0,Monday,Moorgate,Track Circuit,Cloudy,21,0,0,97,2494,7,0,5,Spring
2024-05-28,2024-05-28,00:00:00,0,Tuesday,Farringdon,Power Supply,Rainy,13,0,0,50,2488,5,1,5,Spring
2024-05-29,2024-05-29,00:00:00,0,Wednesday,St Pancras,Track Circuit,Cloudy,11,0,0,124,2978,10,0,5,Spring
2024-05-30,2024-05-30,00:00:00,0,Thursday,Moorgate,Power Supply,Rainy,12,0,0,26,1068,3,1,5,Spring
2024-05-31,2024-05-31,00:00:00,0,Friday,Southwark,Interlocking,Cloudy,11,0,0,21,837,2,0,5,Spring
2024-06-01,2024-06-01,00:00:00,0,Saturday,Borough,Power Supply,Clear,17,0,1,32,586,5,0,6,Summer
2024-06-02,2024-06-02,00:00:00,0,Sunday,Southwark,Software/Electronics,Clear,19,0,1,36,1201,5,0,6,Summer
2024-06-03,2024-06-03,00:00:00,0,Monday,London Bridge,Software/Electronics,Cloudy,17,0,0,47,2331,6,0,6,Summer
2024-06-04,2024-06-04,00:00:00,0,Tuesday,Old Street,Track Circuit,Cloudy,19,0,0,59,1550,6,0,6,Summer
2024-06-05,2024-06-05,00:00:00,0,Wednesday,St Pancras,Interlocking,Clear,17,0,0,20,757,4,0,6,Summer
2024-06-06,2024-06-06,00:00:00,0,Thursday,King's Cross St Pancras,Interlocking,Cloudy,13,0,0,21,728,3,0,6,Summer
2024-06-07,2024-06-07,00:00:00,0,Friday,Covent Garden,Power Supply,Cloudy,11,0,0,21,967,3,0,6,Summer
2024-06-09,2024-06-09,00:00:00,0,Sunday,Stratford,Cable/Connector,Cloudy,16,0,1,116,1701,8,0,6,Summer
2024-06-10,2024-06-10,00:00:00,0,Monday,Baker Street,Track Circuit,Foggy,16,0,0,39,1112,5,0,6,Summer
2024-06-11,2024-06-11,00:00:00,0,Tuesday,Piccadilly Circus,Track Circuit,Rainy,21,0,0,161,2565,11,1,6,Summer
2024-06-12,2024-06-12,00:00:00,0,Wednesday,Piccadilly Circus,Track Circuit,Clear,14,0,0,34,711,4,0,6,Summer
2024-06-13,2024-06-13,00:00:00,0,Thursday,King's Cross St Pancras,Track Circuit,Cloudy,20,0,0,55,923,4,0,6,Summer
2024-06-14,2024-06-14,00:00:00,0,Friday,King's Cross St Pancras,Cable/Connector,Cloudy,20,0,0,43,659,5,0,6,Summer
2024-06-15,2024-06-15,00:00:00,0,Saturday,Bank,Track Circuit,Snowy,22,0,1,105,3151,9,1,6,Summer
2024-06-16,2024-06-16,00:00:00,0,Sunday,Bank,Interlocking,Cloudy,19,0,1,59,1172,5,0,6,Summer
2024-06-17,2024-06-17,00:00:00,0,Monday,Farringdon,Track Circuit,Rainy,13,0,0,39,1452,5,1,6,Summer
2024-06-18,2024-06-18,00:00:00,0,Tuesday,Baker Street,Software/Electronics,Cloudy,16,0,0,42,952,4,0,6,Summer
2024-06-19,2024-06-19,00:00:00,0,Wednesday,Victoria,Track Circuit,Stormy,16,0,0,58,744,6,1,6,Summer
2024-06-21,2024-06-21,00:00:00,0,Friday,St Pancras,Power Supply,Clear,13,0,0,36,552,5,0,6,Summer
2024-06-22,2024-06-22,00:00:00,0,Saturday,Vauxhall,Track Circuit,Cloudy,21,0,1,72,1656,6,0,6,Summer
2024-06-23,2024-06-23,00:00:00,0,Sunday,London Bridge,Interlocking,Clear,13,0,1,20,696,2,0,6,Summer
2024-06-24,2024-06-24,00:00:00,0,Monday,Piccadilly Circus,Track Circuit,Foggy,14,0,0,58,655,4,0,6,Summer
2024-06-25,2024-06-25,00:00:00,0,Tuesday,Piccadilly Circus,Power Supply,Cloudy,19,0,0,71,1158,7,0,6,Summer
2024-06-26,2024-06-26,00:00:00,0,Wednesday,Liverpool Street,Software/Electronics,Cloudy,13,0,0,58,2581,5,0,6,Summer
2024-06-27,2024-06-27,00:00:00,0,Thursday,Borough,Track Circuit,Clear,14,0,0,45,1439,6,0,6,Summer
2024-06-28,2024-06-28,00:00:00,0,Friday,Baker Street,Interlocking,Cloudy,16,0,0,21,934,4,0,6,Summer
2024-06-29,2024-06-29,00:00:00,0,Saturday,Bank,Track Circuit,Cloudy,23,0,1,115,4899,8,0,6,Summer
2024-06-30,2024-06-30,00:00:00,0,Sunday,Stratford,Power Supply,Snowy,19,0,1,114,4841,10,1,6,Summer
2024-07-01,2024-07-01,00:00:00,0,Monday,Baker Street,Track Circuit,Cloudy,12,0,0,21,281,4,0,7,Summer
2024-07-02,2024-07-02,00:00:00,0,Tuesday,King's Cross St Pancras,Track Circuit,Clear,14,0,0,61,934,6,0,7,Summer
2024-07-03,2024-07-03,00:00:00,0,Wednesday,Paddington,Interlocking,Stormy,18,0,0,78,2668,6,1,7,Summer
2024-07-05,2024-07-05,00:00:00,0,Friday,Covent Garden,Cable/Connector,Clear,14,0,0,74,2271,7,0,7,Summer
2024-07-06,2024-07-06,00:00:00,0,Saturday,Holborn,Power Supply,Cloudy,10,0,1,34,1574,3,0,7,Summer
2024-07-07,2024-07-07,00:00:00,0,Sunday,Whitechapel,Power Supply,Cloudy,18,0,1,52,2579,4,0,7,Summer
2024-07-08,2024-07-08,00:00:00,0,Monday,St Pancras,Track Circuit,Clear,16,0,0,74,1959,7,0,7,Summer
2024-07-09,2024-07-09,00:00:00,0,Tuesday,Whitechapel,Power Supply,Clear,16,0,0,62,1691,7,0,7,Summer
2024-07-10,2024-07-10,00:00:00,0,Wednesday,Whitechapel,Power Supply,Cloudy,20,0,0,31,794,3,0,7,Summer
2024-07-11,2024-07-11,00:00:00,0,Thursday,Victoria,Software/Electronics,Clear,12,0,0,20,791,3,0,7,Summer
2024-07-12,2024-07-12,00:00:00,0,Friday,Southwark,Software/Electronics,Clear,22,0,0,23,790,4,0,7,Summer
2024-07-13,2024-07-13,00:00:00,0,Saturday,Bank,Software/Electronics,Foggy,16,0,1,42,1493,3,0,7,Summer
2024-07-14,2024-07-14,00:00:00,0,Sunday,St Pancras,Power Supply,Cloudy,22,0,1,63,1594,5,0,7,Summer
2024-07-15,2024-07-15,00:00:00,0,Monday,Waterloo,Other,Clear,22,0,0,26,1205,4,0,7,Summer
2024-07-16,2024-07-16,00:00:00,0,Tuesday,Clapham Junction,Software/Electronics,Cloudy,17,0,0,21,914,3,0,7,Summer
2024-07-17,2024-07-17,00:00:00,0,Wednesday,Euston,Interlocking,Clear,21,0,0,67,2093,6,0,7,Summer
2024-07-18,2024-07-18,00:00:00,0,Thursday,Bank,Interlocking,Cloudy,18,0,0,21,284,4,0,7,Summer
2024-07-20,2024-07-20,00:00:00,0,Saturday,Stratford,Track Circuit,Clear,20,0,1,43,1188,4,0,7,Summer
2024-07-21,2024-07-21,00:00:00,0,Sunday,Southwark,Software/Electronics,Cloudy,14,0,1,50,2213,5,0,7,Summer
2024-07-22,2024-07-22,00:00:00,0,Monday,Euston,Interlocking,Clear,18,0,0,20,963,2,0,7,Summer
2024-07-23,2024-07-23,00:00:00,0,Tuesday,Old Street,Track Circuit,Foggy,16,0,0,73,3023,5,0,7,Summer
2024-07-24,2024-07-24,00:00:00,0,Wednesday,Euston,Track Circuit,Clear,17,0,0,20,467,4,0,7,Summer
2024-07-25,2024-07-25,00:00:00,0,Thursday,Whitechapel,Track Circuit,Cloudy,17,0,0,34,365,5,0,7,Summer
2024-07-26,2024-07-26,00:00:00,0,Friday,Angel,Software/Electronics,Clear,16,0,0,29,1231,4,0,7,Summer
2024-07-27,2024-07-27,00:00:00,0,Saturday,King's Cross,Track Circuit,Clear,21,0,1,66,928,5,0,7,Summer
2024-07-28,2024-07-28,00:00:00,0,Sunday,Elephant & Castle,Track Circuit,Cloudy,21,0,1,76,2561,6,0,7,Summer
2024-07-29,2024-07-29,00:00:00,0,Monday,King's Cross,Track Circuit,Clear,16,0,0,48,1569,5,0,7,Summer
2024-07-30,2024-07-30,00:00:00,0,Tuesday,Bank,Interlocking,Cloudy,23,0,0,89,3540,6,0,7,Summer
2024-07-31,2024-07-31,00:00:00,0,Wednesday,Angel,Software/Electronics,Clear,20,0,0,48,2032,5,0,7,Summer
2024-08-01,2024-08-01,00:00:00,0,Thursday,King's Cross,Track Circuit,Clear,16,0,0,97,4141,7,0,8,Summer
2024-08-02,2024-08-02,00:00:00,0,Friday,Piccadilly Circus,Interlocking,Foggy,14,0,0,23,295,4,0,8,Summer
2024-08-04,2024-08-04,00:00:00,0,Sunday,Covent Garden,Track Circuit,Cloudy,21,0,1,93,4070,7,0,8,Summer
2024-08-05,2024-08-05,00:00:00,0,Monday,Southwark,Power Supply,Rainy,21,0,0,26,663,3,1,8,Summer
2024-08-06,2024-08-06,00:00:00,0,Tuesday,Borough,Power Supply,Clear,14,0,0,20,190,4,0,8,Summer
2024-08-07,2024-08-07,00:00:00,0,Wednesday,Farringdon,Software/Electronics,Clear,16,0,0,20,777,4,0,8,Summer
2024-08-08,2024-08-08,00:00:00,0,Thursday,Bank,Software/Electronics,Clear,13,0,0,20,914,2,0,8,Summer
2024-08-09,2024-08-09,00:00:00,0,Friday,Moorgate,Software/Electronics,Rainy,19,0,0,42,495,4,1,8,Summer
2024-08-10,2024-08-10,00:00:00,0,Saturday,Baker Street,Track Circuit,Snowy,14,0,1,163,5718,11,1,8,Summer
2024-08-12,2024-08-12,00:00:00,0,Monday,Victoria,Interlocking,Clear,14,0,0,28,384,3,0,8,Summer
2024-08-13,2024-08-13,00:00:00,0,Tuesday,Clapham Junction,Track Circuit,Cloudy,16,0,0,36,385,5,0,8,Summer
2024-08-14,2024-08-14,00:00:00,0,Wednesday,Borough,Software/Electronics,Rainy,21,0,0,32,1456,5,1,8,Summer
2024-08-15,2024-08-15,00:00:00,0,Thursday,Baker Street,Track Circuit,Rainy,18,0,0,70,3327,7,1,8,Summer
2024-08-16,2024-08-16,00:00:00,0,Friday,Clapham Junction,Track Circuit,Cloudy,16,0,0,53,1991,4,0,8,Summer
2024-08-17,2024-08-17,00:00:00,0,Saturday,Angel,Power Supply,Cloudy,18,0,1,57,1453,5,0,8,Summer
2024-08-18,2024-08-18,00:00:00,0,Sunday,Piccadilly Circus,Cable/Connector,Rainy,15,0,1,79,3636,8,1,8,Summer
2024-08-19,2024-08-19,00:00:00,0,Monday,St Pancras,Cable/Connector,Clear,16,0,0,53,2542,4,0,8,Summer
2024-08-20,2024-08-20,00:00:00,0,Tuesday,Clapham Junction,Interlocking,Clear,16,0,0,69,1942,7,0,8,Summer
2024-08-22,2024-08-22,00:00:00,0,Thursday,Euston,Track Circuit,Cloudy,16,0,0,70,2793,6,0,8,Summer
2024-08-23,2024-08-23,00:00:00,0,Friday,Elephant & Castle,Software/Electronics,Rainy,19,0,0,41,1081,5,1,8,Summer
2024-08-25,2024-08-25,00:00:00,0,Sunday,Southwark,Software/Electronics,Stormy,18,0,1,34,683,3,1,8,Summer
2024-08-26,2024-08-26,00:00:00,0,Monday,Vauxhall,Power Supply,Cloudy,16,0,0,57,2420,6,0,8,Summer
2024-08-27,2024-08-27,00:00:00,0,Tuesday,Victoria,Interlocking,Rainy,16,0,0,26,581,2,1,8,Summer
2024-08-28,2024-08-28,00:00:00,0,Wednesday,Paddington,Power Supply,Cloudy,12,0,0,72,2666,6,0,8,Summer
2024-08-29,2024-08-29,00:00:00,0,Thursday,Southwark,Power Supply,Cloudy,19,0,0,49,711,4,0,8,Summer
2024-08-30,2024-08-30,00:00:00,0,Friday,Waterloo,Cable/Connector,Cloudy,17,0,0,100,3066,8,0,8,Summer
2024-08-31,2024-08-31,00:00:00,0,Saturday,Vauxhall,Interlocking,Foggy,18,0,1,34,891,3,0,8,Summer
2024-09-01,2024-09-01,00:00:00,0,Sunday,Borough,Track Circuit,Clear,9,0,1,53,937,5,0,9,Autumn
2024-09-02,2024-09-02,00:00:00,0,Monday,Southwark,Power Supply,Clear,9,0,0,59,836,5,0,9,Autumn
2024-09-03,2024-09-03,00:00:00,0,Tuesday,Holborn,Power Supply,Stormy,12,0,0,57,992,6,1,9,Autumn
2024-09-04,2024-09-04,00:00:00,0,Wednesday,Holborn,Interlocking,Clear,3,0,0,52,2158,4,0,9,Autumn
2024-09-05,2024-09-05,00:00:00,0,Thursday,Baker Street,Cable/Connector,Cloudy,12,0,0,22,326,4,0,9,Autumn
2024-09-06,2024-09-06,00:00:00,0,Friday,London Bridge,Interlocking,Cloudy,11,0,0,74,1034,7,0,9,Autumn
2024-09-07,2024-09-07,00:00:00,0,Saturday,Whitechapel,Interlocking,Rainy,10,0,1,74,1773,5,1,9,Autumn
2024-09-08,2024-09-08,00:00:00,0,Sunday,St Pancras,Interlocking,Clear,18,0,1,47,1570,4,0,9,Autumn
2024-09-09,2024-09-09,00:00:00,0,Monday,Borough,Software/Electronics,Clear,14,0,0,27,1347,3,0,9,Autumn
2024-09-10,2024-09-10,00:00:00,0,Tuesday,Clapham Junction,Track Circuit,Clear,6,0,0,48,1885,5,0,9,Autumn
2024-09-12,2024-09-12,00:00:00,0,Thursday,St Pancras,Track Circuit,Foggy,14,0,0,85,2779,8,0,9,Autumn
2024-09-13,2024-09-13,00:00:00,0,Friday,King's Cross St Pancras,Software/Electronics,Rainy,14,0,0,52,1208,5,1,9,Autumn
2024-09-14,2024-09-14,00:00:00,0,Saturday,King's Cross St Pancras,Interlocking,Clear,12,0,1,20,735,2,0,9,Autumn
2024-09-15,2024-09-15,00:00:00,0,Sunday,Euston,Software/Electronics,Rainy,8,0,1,59,2817,5,1,9,Autumn
2024-09-16,2024-09-16,00:00:00,0,Monday,London Bridge,Track Circuit,Clear,10,0,0,97,4300,9,0,9,Autumn
2024-09-17,2024-09-17,00:00:00,0,Tuesday,Whitechapel,Interlocking,Rainy,12,0,0,94,2221,7,1,9,Autumn
2024-09-18,2024-09-18,00:00:00,0,Wednesday,Paddington,Power Supply,Clear,12,0,0,29,1265,3,0,9,Autumn
2024-09-19,2024-09-19,00:00:00,0,Thursday,Paddington,Interlocking,Stormy,15,0,0,36,415,4,1,9,Autumn
2024-09-20,2024-09-20,00:00:00,0,Friday,Angel,Cable/Connector,Clear,14,0,0,39,1539,5,0,9,Autumn
2024-09-21,2024-09-21,00:00:00,0,Saturday,London Bridge,Cable/Connector,Clear,12,0,1,20,493,3,0,9,Autumn
2024-09-23,2024-09-23,00:00:00,0,Monday,King's Cross St Pancras,Power Supply,Clear,7,0,0,20,319,4,0,9,Autumn
2024-09-24,2024-09-24,00:00:00,0,Tuesday,Bank,Cable/Connector,Cloudy,10,0,0,32,1101,5,0,9,Autumn
2024-09-25,2024-09-25,00:00:00,0,Wednesday,St Pancras,Track Circuit,Rainy,13,0,0,113,3391,8,1,9,Autumn
2024-09-26,2024-09-26,00:00:00,0,Thursday,Old Street,Software/Electronics,Clear,6,0,0,33,1359,3,0,9,Autumn
2024-09-27,2024-09-27,00:00:00,0,Friday,St Pancras,Track Circuit,Cloudy,11,0,0,21,197,4,0,9,Autumn
2024-09-28,2024-09-28,00:00:00,0,Saturday,Liverpool Street,Software/Electronics,Cloudy,12,0,1,36,1593,5,0,9,Autumn
2024-09-29,2024-09-29,00:00:00,0,Sunday,Borough,Track Circuit,Clear,3,0,1,87,1197,8,0,9,Autumn
2024-09-30,2024-09-30,00:00:00,0,Monday,King's Cross St Pancras,Power Supply,Rainy,6,0,0,45,1770,5,1,9,Autumn
2024-10-01,2024-10-01,00:00:00,0,Tuesday,Liverpool Street,Power Supply,Cloudy,13,0,0,25,717,4,0,10,Autumn
2024-10-02,2024-10-02,00:00:00,0,Wednesday,Victoria,Software/Electronics,Clear,8,0,0,24,210,2,0,10,Autumn
2024-10-03,2024-10-03,00:00:00,0,Thursday,Farringdon,Interlocking,Clear,7,0,0,35,399,5,0,10,Autumn
2024-10-04,2024-10-04,00:00:00,0,Friday,Stratford,Software/Electronics,Cloudy,17,0,0,36,783,5,0,10,Autumn
2024-10-05,2024-10-05,00:00:00,0,Saturday,Farringdon,Interlocking,Rainy,6,0,1,96,3804,7,1,10,Autumn
2024-10-06,2024-10-06,00:00:00,0,Sunday,Clapham Junction,Power Supply,Cloudy,12,0,1,76,3266,7,0,10,Autumn
2024-10-07,2024-10-07,00:00:00,0,Monday,Moorgate,Power Supply,Foggy,17,0,0,50,1419,5,0,10,Autumn
2024-10-08,2024-10-08,00:00:00,0,Tuesday,Victoria,Power Supply,Clear,7,0,0,45,1697,6,0,10,Autumn
2024-10-09,2024-10-09,00:00:00,0,Wednesday,Stratford,Power Supply,Clear,11,0,0,49,1800,6,0,10,Autumn
2024-10-10,2024-10-10,00:00:00,0,Thursday,Holborn,Power Supply,Snowy,22,0,0,77,1377,7,1,10,Autumn
2024-10-11,2024-10-11,00:00:00,0,Friday,Liverpool Street,Software/Electronics,Clear,11,0,0,56,587,6,0,10,Autumn
2024-10-12,2024-10-12,00:00:00,0,Saturday,Borough,Interlocking,Cloudy,10,0,1,21,1046,2,0,10,Autumn
2024-10-13,2024-10-13,00:00:00,0,Sunday,Borough,Track Circuit,Rainy,11,0,1,63,630,5,1,10,Autumn
2024-10-14,2024-10-14,00:00:00,0,Monday,Moorgate,Interlocking,Clear,6,0,0,50,720,5,0,10,Autumn
2024-10-15,2024-10-15,00:00:00,0,Tuesday,Borough,Track Circuit,Clear,11,0,0,28,838,4,0,10,Autumn
2024-10-16,2024-10-16,00:00:00,0,Wednesday,King's Cross,Track Circuit,Snowy,8,0,0,110,2189,10,1,10,Autumn
2024-10-17,2024-10-17,00:00:00,0,Thursday,Borough,Track Circuit,Clear,14,0,0,71,3133,7,0,10,Autumn
2024-10-18,2024-10-18,00:00:00,0,Friday,Piccadilly Circus,Power Supply,Clear,11,0,0,40,705,5,0,10,Autumn
2024-10-19,2024-10-19,00:00:00,0,Saturday,Waterloo,Cable/Connector,Clear,5,0,1,43,1072,4,0,10,Autumn
2024-10-20,2024-10-20,00:00:00,0,Sunday,Baker Street,Cable/Connector,Clear,11,0,1,98,965,7,0,10,Autumn
2024-10-21,2024-10-21,00:00:00,0,Monday,Angel,Power Supply,Rainy,13,0,0,26,292,2,1,10,Autumn
2024-10-22,2024-10-22,00:00:00,0,Tuesday,Holborn,Track Circuit,Rainy,13,0,0,97,2960,7,1,10,Autumn
2024-10-23,2024-10-23,00:00:00,0,Wednesday,King's Cross,Software/Electronics,Cloudy,3,0,0,45,680,5,0,10,Autumn
2024-10-24,2024-10-24,00:00:00,0,Thursday,London Bridge,Software/Electronics,Clear,9,0,0,33,353,5,0,10,Autumn
2024-10-25,2024-10-25,00:00:00,0,Friday,Liverpool Street,Interlocking,Rainy,6,0,0,101,3129,9,1,10,Autumn
2024-10-26,2024-10-26,00:00:00,0,Saturday,King's Cross,Power Supply,Clear,8,0,1,44,760,3,0,10,Autumn
2024-10-27,2024-10-27,00:00:00,0,Sunday,Bank,Track Circuit,Clear,8,0,1,62,2104,5,0,10,Autumn
2024-10-28,2024-10-28,00:00:00,0,Monday,Piccadilly Circus,Interlocking,Cloudy,15,0,0,48,1800,5,0,10,Autumn
2024-10-29,2024-10-29,00:00:00,0,Tuesday,Clapham Junction,Power Supply,Rainy,13,0,0,26,1065,2,1,10,Autumn
2024-10-30,2024-10-30,00:00:00,0,Wednesday,Old Street,Track Circuit,Stormy,7,0,0,123,5844,11,1,10,Autumn
2024-10-31,2024-10-31,00:00:00,0,Thursday,Angel,Power Supply,Clear,18,0,0,53,1797,6,0,10,Autumn
2024-11-01,2024-11-01,00:00:00,0,Friday,Elephant & Castle,Other,Cloudy,6,0,0,96,2651,8,0,11,Autumn
2024-11-02,2024-11-02,00:00:00,0,Saturday,Vauxhall,Interlocking,Clear,16,0,1,20,531,3,0,11,Autumn
2024-11-03,2024-11-03,00:00:00,0,Sunday,Vauxhall,Power Supply,Cloudy,10,0,1,51,2468,5,0,11,Autumn
2024-11-04,2024-11-04,00:00:00,0,Monday,Liverpool Street,Software/Electronics,Rainy,6,0,0,39,570,5,1,11,Autumn
2024-11-05,2024-11-05,00:00:00,0,Tuesday,St Pancras,Software/Electronics,Rainy,4,0,0,48,1337,6,1,11,Autumn
2024-11-06,2024-11-06,00:00:00,0,Wednesday,Paddington,Software/Electronics,Rainy,12,0,0,48,904,6,1,11,Autumn
2024-11-07,2024-11-07,00:00:00,0,Thursday,London Bridge,Other,Rainy,15,0,0,72,1254,5,1,11,Autumn
2024-11-08,2024-11-08,00:00:00,0,Friday,Clapham Junction,Track Circuit,Rainy,9,0,0,62,1428,7,1,11,Autumn
2024-11-09,2024-11-09,00:00:00,0,Saturday,Vauxhall,Interlocking,Clear,8,0,1,58,1554,6,0,11,Autumn
2024-11-10,2024-11-10,00:00:00,0,Sunday,Paddington,Power Supply,Snowy,12,0,1,65,1737,7,1,11,Autumn
2024-11-11,2024-11-11,00:00:00,0,Monday,Whitechapel,Software/Electronics,Clear,3,0,0,32,813,3,0,11,Autumn
2024-11-13,2024-11-13,00:00:00,0,Wednesday,Old Street,Interlocking,Clear,12,0,0,20,919,2,0,11,Autumn
2024-11-14,2024-11-14,00:00:00,0,Thursday,Piccadilly Circus,Track Circuit,Rainy,2,0,0,83,1730,7,1,11,Autumn
2024-11-15,2024-11-15,00:00:00,0,Friday,St Pancras,Interlocking,Clear,15,0,0,20,921,4,0,11,Autumn
2024-11-16,2024-11-16,00:00:00,0,Saturday,Farringdon,Interlocking,Clear,14,0,1,64,2217,6,0,11,Autumn
2024-11-17,2024-11-17,00:00:00,0,Sunday,Farringdon,Track Circuit,Foggy,12,0,1,48,1668,5,0,11,Autumn
2024-11-18,2024-11-18,00:00:00,0,Monday,Whitechapel,Track Circuit,Stormy,13,0,0,196,6223,14,1,11,Autumn
2024-11-19,2024-11-19,00:00:00,0,Tuesday,Borough,Interlocking,Cloudy,15,0,0,65,1359,6,0,11,Autumn
2024-11-20,2024-11-20,00:00:00,0,Wednesday,Paddington,Software/Electronics,Clear,6,0,0,35,1435,4,0,11,Autumn
2024-11-22,2024-11-22,00:00:00,0,Friday,Stratford,Track Circuit,Cloudy,11,0,0,99,1697,9,0,11,Autumn
2024-11-23,2024-11-23,00:00:00,0,Saturday,Old Street,Track Circuit,Clear,13,0,1,90,3421,7,0,11,Autumn
2024-11-24,2024-11-24,00:00:00,0,Sunday,King's Cross,Power Supply,Clear,13,0,1,57,767,6,0,11,Autumn
2024-11-25,2024-11-25,00:00:00,0,Monday,Elephant & Castle,Track Circuit,Rainy,16,0,0,88,3115,8,1,11,Autumn
2024-11-26,2024-11-26,00:00:00,0,Tuesday,Old Street,Track Circuit,Cloudy,0,0,0,26,780,2,0,11,Autumn
2024-11-27,2024-11-27,00:00:00,0,Wednesday,Whitechapel,Track Circuit,Clear,8,0,0,54,1364,4,0,11,Autumn
2024-11-28,2024-11-28,00:00:00,0,Thursday,Liverpool Street,Interlocking,Foggy,20,0,0,78,2420,6,0,11,Autumn
2024-11-29,2024-11-29,00:00:00,0,Friday,Covent Garden,Track Circuit,Foggy,23,0,0,93,2528,7,0,11,Autumn
2024-11-30,2024-11-30,00:00:00,0,Saturday,Borough,Other,Clear,12,0,1,32,797,5,0,11,Autumn
2024-12-01,2024-12-01,00:00:00,0,Sunday,St Pancras,Interlocking,Foggy,4,0,1,43,539,5,0,12,Winter
2024-12-02,2024-12-02,00:00:00,0,Monday,King's Cross,Software/Electronics,Cloudy,8,0,0,40,1128,3,0,12,Winter
2024-12-03,2024-12-03,00:00:00,0,Tuesday,Angel,Track Circuit,Clear,9,0,0,82,1030,6,0,12,Winter
2024-12-04,2024-12-04,00:00:00,0,Wednesday,Vauxhall,Power Supply,Clear,2,0,0,20,175,3,0,12,Winter
2024-12-05,2024-12-05,00:00:00,0,Thursday,Whitechapel,Cable/Connector,Stormy,3,0,0,30,754,5,1,12,Winter
2024-12-06,2024-12-06,00:00:00,0,Friday,Stratford,Other,Clear,3,0,0,46,527,4,0,12,Winter
2024-12-07,2024-12-07,00:00:00,0,Saturday,Paddington,Other,Rainy,8,0,1,48,2277,6,1,12,Winter
2024-12-08,2024-12-08,00:00:00,0,Sunday,Piccadilly Circus,Interlocking,Rainy,5,0,1,85,1109,6,1,12,Winter
2024-12-09,2024-12-09,00:00:00,0,Monday,Angel,Software/Electronics,Clear,6,0,0,37,965,5,0,12,Winter
2024-12-10,2024-12-10,00:00:00,0,Tuesday,Southwark,Interlocking,Cloudy,0,0,0,61,1288,7,0,12,Winter
2024-12-11,2024-12-11,00:00:00,0,Wednesday,Covent Garden,Other,Clear,0,0,0,32,384,5,0,12,Winter
2024-12-12,2024-12-12,00:00:00,0,Thursday,Southwark,Interlocking,Clear,8,0,0,78,928,6,0,12,Winter
2024-12-13,2024-12-13,00:00:00,0,Friday,Piccadilly Circus,Interlocking,Rainy,4,0,0,92,1774,7,1,12,Winter
2024-12-15,2024-12-15,00:00:00,0,Sunday,St Pancras,Software/Electronics,Cloudy,8,0,1,21,873,4,0,12,Winter
2024-12-16,2024-12-16,00:00:00,0,Monday,Whitechapel,Interlocking,Cloudy,3,0,0,89,2024,7,0,12,Winter
2024-12-17,2024-12-17,00:00:00,0,Tuesday,Piccadilly Circus,Interlocking,Clear,-1,0,0,20,451,3,0,12,Winter
2024-12-18,2024-12-18,00:00:00,0,Wednesday,King's Cross,Power Supply,Foggy,0,0,0,52,2462,6,0,12,Winter
2024-12-19,2024-12-19,00:00:00,0,Thursday,Holborn,Software/Electronics,Clear,-1,0,0,44,2025,5,0,12,Winter
2024-12-20,2024-12-20,00:00:00,0,Friday,Clapham Junction,Track Circuit,Rainy,5,0,0,66,1568,7,1,12,Winter
2024-12-21,2024-12-21,00:00:00,0,Saturday,St Pancras,Software/Electronics,Clear,5,0,1,52,1029,5,0,12,Winter
2024-12-22,2024-12-22,00:00:00,0,Sunday,Farringdon,Software/Electronics,Cloudy,6,0,1,42,1021,4,0,12,Winter
2024-12-23,2024-12-23,00:00:00,0,Monday,King's Cross,Track Circuit,Cloudy,9,0,0,87,2373,7,0,12,Winter
2024-12-24,2024-12-24,00:00:00,0,Tuesday,Euston,Cable/Connector,Cloudy,2,0,0,54,2112,6,0,12,Winter
2024-12-25,2024-12-25,00:00:00,0,Wednesday,Vauxhall,Software/Electronics,Foggy,3,0,0,29,341,4,0,12,Winter
2024-12-26,2024-12-26,00:00:00,0,Thursday,Southwark,Software/Electronics,Clear,-5,0,0,36,1550,5,0,12,Winter
2024-12-27,2024-12-27,00:00:00,0,Friday,Elephant & Castle,Cable/Connector,Clear,4,0,0,42,956,4,0,12,Winter
2024-12-29,2024-12-29,00:00:00,0,Sunday,Paddington,Software/Electronics,Stormy,2,0,1,48,1783,5,1,12,Winter
2024-12-30,2024-12-30,00:00:00,0,Monday,Vauxhall,Track Circuit,Stormy,4,0,0,30,476,3,1,12,Winter
2024-12-31,2024-12-31,00:00:00,0,Tuesday,Old Street,Interlocking,Clear,1,0,0,78,3820,8,0,12,Winter
2025-01-01,2025-01-01,00:00:00,0,Wednesday,Bank,Track Circuit,Snowy,7,0,0,137,1251,10,1,1,Winter
